Symbol,Name,Last,Opinion,20D Rel Str,20D His Vol,20D Avg Vol,52W Low,52W High
A,Agilent Technologies,99.9,100% Buy,63.15%,15.92%,1306305,61.13,99.93
AAL,American Airlines Gp,13.59,8% Buy,54.93%,63.44%,72526547,8.25,31.67
AAP,Advance Auto Parts Inc,154.77,88% Buy,55.70%,17.06%,896500,71.33,171.43
AAPL,Apple Inc,499.23,100% Buy,73.62%,30.02%,48057961,204.22,515.14
ABBV,Abbvie Inc,94.17,40% Buy,46.73%,16.10%,6324950,62.55,101.28
ABC,Amerisourcebergen Corp,97.55,56% Buy,43.72%,23.32%,819410,72.06,106.45
ABMD,Abiomed Inc,303.04,88% Buy,55.85%,30.10%,298095,119.01,319.19
ABT,Abbott Laboratories,110.79,100% Buy,71.24%,29.60%,5724000,61.61,114.19
ACN,Accenture Plc,242.99,100% Buy,74.23%,8.42%,1476250,137.15,243.22
ADBE,Adobe Systems Inc,516.44,100% Buy,67.28%,41.21%,2608695,255.13,533.7
ADI,Analog Devices,119.58,88% Buy,54.24%,15.74%,3155190,79.07,127.39
ADM,Archer Daniels Midland,44.9,88% Buy,64.61%,11.61%,2054210,28.92,47.2
ADP,Automatic Data Procs,141.34,88% Sell,50.08%,13.91%,2066135,103.11,182.32
ADSK,Autodesk Inc,247.39,100% Buy,56.04%,26.94%,1212450,125.38,254.35
AEE,Ameren Corp,78.66,64% Buy,49.27%,22.23%,1181700,58.74,87.65
AEP,American Electric Power Company,78.35,88% Sell,38.72%,19.01%,2823415,65.14,104.97
AES,The Aes Corp,17.9,72% Buy,64.96%,34.76%,5119470,8.11,21.23
AFL,Aflac Incorporated,37.13,8% Sell,52.59%,22.35%,2941160,23.07,55.07
AIG,American International Group,29.37,72% Sell,46.45%,45.71%,6474610,16.07,58.66
AIV,Apartment Investment and Management,36.38,96% Sell,48.53%,28.17%,926475,24.53,55.68
AIZ,Assurant Inc,122.68,56% Buy,60.72%,50.06%,376520,76.27,142.61
AJG,Arthur J. Gallagher & Company,105.05,80% Buy,54.43%,14.13%,793140,65.09,109.46
AKAM,Akamai Technologies,115.63,100% Buy,62.72%,16.52%,1404135,75.18,117.84
ALB,Albemarle Corp,92.32,100% Buy,59.80%,38.17%,1033345,48.89,99.4
ALGN,Align Technology,300.58,80% Buy,53.33%,23.04%,569120,127.88,326.36
ALK,Alaska Air Group,40.73,24% Buy,60.99%,46.81%,2374655,20.02,72.22
ALL,Allstate Corp,94.3,64% Sell,49.06%,16.21%,1753690,64.13,125.92
ALLE,Allegion Plc,104,24% Sell,53.88%,19.49%,604145,77.37,139.24
ALXN,Alexion Pharm Inc,106.99,24% Buy,53.86%,19.55%,1388100,72.67,121.5
AMAT,Applied Materials,63.07,72% Buy,49.64%,31.11%,7810215,36.64,69.9
AMCR,Amcor Plc,11.25,100% Buy,59.29%,20.32%,6068550,5.8,11.59
AMD,Adv Micro Devices,85.55,100% Buy,64.98%,53.63%,56493355,27.43,87.72
AME,Amtek Inc,101.93,88% Buy,67.43%,12.67%,930995,54.82,102.31
AMGN,Amgen Inc,253.12,80% Buy,58.37%,24.94%,2652425,177.05,264.97
AMP,Ameriprise Financial Services,158.89,88% Buy,55.48%,19.51%,584205,80.01,180.85
AMT,American Tower Corp,249.59,8% Buy,46.70%,21.79%,1308535,174.32,272.2
AMZN,Amazon.com Inc,3401.8,100% Buy,64.85%,25.87%,3967415,1626.03,3453
ANET,Arista Networks Inc,222.04,56% Buy,47.91%,44.80%,885970,156.63,267.3
ANSS,Ansys Inc,336.71,100% Buy,66.73%,21.59%,352200,200.07,336.72
ANTM,Anthem Inc,277.28,32% Buy,51.88%,18.53%,927470,171.03,309.1
AON,AON Plc,200.11,24% Buy,54.41%,19.19%,1596625,143.93,238.19
AOS,Smith [A.O.] Corp,49.36,88% Buy,51.60%,14.22%,779660,33.81,53.72
APA,Apache Corp,15.05,Hold,52.62%,43.17%,6837780,3.8,33.77
APD,Air Products and Chemicals,296.76,100% Buy,66.49%,16.36%,883150,167.43,299.82
APH,Amphenol Corp,109.78,88% Buy,61.80%,12.55%,1041920,63.05,111.4
APTV,Aptiv Plc,87.25,88% Buy,58.53%,24.78%,1318175,29.22,99.04
ARE,Alexandria Real Estate Equities,169.71,80% Buy,50.35%,12.75%,510285,109.22,177.7
ATO,Atmos Energy Corp,99.58,56% Sell,42.60%,14.78%,794130,77.92,121.08
ATVI,Activision Blizzard,83.21,100% Buy,54.50%,34.79%,7287940,50.17,87.73
AVB,Avalonbay Communities,159.62,24% Sell,56.98%,21.80%,753200,118.17,229.4
AVGO,Broadcom Ltd,344.82,100% Buy,66.75%,16.77%,1440165,155.67,344.82
AVY,Avery Dennison Corp,118.18,40% Buy,54.35%,18.28%,422450,76.96,141.09
AWK,American Water Works,140.79,72% Buy,48.89%,21.74%,597015,92,150.47
AXP,American Express Company,102.54,24% Buy,58.40%,26.58%,3620405,67,138.13
AZO,Autozone,1189.12,88% Buy,54.31%,10.21%,158655,684.91,1274.41
BA,Boeing Company,175.8,24% Sell,51.56%,41.87%,30424590,89,391
BAC,Bank of America Corp,26.3,24% Buy,56.75%,22.67%,54806195,17.95,35.72
BAX,Baxter International Inc,86.03,40% Sell,53.34%,23.64%,3464605,69.1,95.19
BBY,Best Buy Company,111.23,100% Buy,67.37%,23.39%,2856165,48.1,119.48
BDX,Becton Dickinson and Company,242.8,8% Sell,37.62%,34.18%,1505185,197.75,286.72
BEN,Franklin Resources,21.33,24% Buy,50.09%,27.03%,2373750,14.91,30.2
BF.B,Brown Forman Inc Cl B,73.6,100% Buy,67.38%,13.70%,518955,44.68,73.61
BIIB,Biogen Inc,281.46,56% Sell,49.30%,39.88%,1238015,215.77,374.99
BIO,Bio-Rad Laboratories,498.84,72% Buy,47.96%,21.86%,175330,309.38,540.06
BK,Bank of New York Mellon Corp,37.56,8% Sell,53.06%,25.44%,4248215,26.4,51.6
BKNG,Booking Holdings Inc,1945.25,88% Buy,70.00%,19.91%,323160,1107.29,2094
BKR,Baker Hughes A Ge Co. Cl A,14.8,40% Sell,41.49%,37.94%,5037945,9.12,25.99
BLK,Blackrock,601.06,100% Buy,63.10%,13.74%,457385,323.98,605.72
BLL,Ball Corp,80.27,100% Buy,70.09%,13.52%,1603665,51.26,82.82
BMY,Bristol-Myers Squibb Company,62.37,56% Buy,56.51%,15.10%,8779745,45.76,68.34
BR,Broadridge Financial Solutions Llc,138.47,100% Buy,60.08%,20.10%,533145,81.9,144.5
BRK.B,Berkshire Hathaway Cl B,218.55,72% Buy,71.63%,16.31%,4812215,159.5,231.61
BSX,Boston Scientific Corp,41.03,72% Buy,63.04%,23.34%,6264460,24.1,46.62
BWA,Borgwarner Inc,41.43,88% Buy,61.30%,26.47%,2736000,17,46.6
BXP,Boston Properties,88.94,88% Sell,50.65%,29.17%,1211555,71.57,147.83
C,Citigroup Inc,52.28,8% Sell,52.93%,25.15%,17461500,32,83.11
CAG,Conagra Brands Inc,38.16,100% Buy,58.41%,13.90%,2287425,22.83,39.34
CAH,Cardinal Health,50.5,8% Sell,43.11%,41.04%,2102580,39.05,60.69
CARR,Carrier Global Corporation [Carr/I],30.3,N/A,66.97%,20.38%,3813030,11.5,31.24
CAT,Caterpillar Inc,143.63,88% Buy,61.70%,22.84%,2726070,87.5,150.55
CB,Chubb Ltd,126.39,40% Sell,48.42%,21.94%,1559745,87.35,167.74
CBOE,CBOE Global Markets Inc,91.75,56% Sell,51.67%,30.34%,815265,72.01,127.93
CBRE,CBRE Group Inc,47.85,24% Buy,58.66%,39.44%,1601780,29.17,64.75
CCI,Crown Castle International Corp,163.79,8% Buy,48.21%,20.54%,1604735,114.18,180
CCL,Carnival Corp,17.21,24% Sell,57.69%,67.51%,36066055,7.8,51.94
CDNS,Cadence Design Sys,110.86,96% Buy,60.08%,24.50%,1336625,51.39,113.97
CDW,CDW Corp,115.34,8% Buy,51.88%,25.73%,733460,73.39,146.09
CE,Celanese Corp,103.94,72% Buy,64.26%,18.14%,690460,52.7,128.88
CERN,Cerner Corp,72.8,88% Buy,54.81%,16.34%,1425630,53.08,80.9
CF,Cf Industries Holdings,33.21,24% Buy,54.42%,31.24%,2613160,19.73,52.3
CFG,Citizens Financial Group Inc/Ri,26.29,24% Buy,55.61%,32.26%,3734615,14.12,41.29
CHD,Church & Dwight Company,94.91,88% Buy,62.95%,20.45%,1258290,47.98,97.15
CHRW,C.H. Robinson Ww,98.73,100% Buy,73.72%,11.47%,1204425,56.94,99.22
CHTR,Charter Communicatio,615.64,100% Buy,70.99%,12.77%,830975,345.67,621.04
CI,Cigna Corp,181.15,72% Sell,50.80%,22.01%,1668120,118.5,224.64
CINF,Cincinnati Financial,80.39,16% Buy,57.01%,26.13%,610330,46.07,118.19
CL,Colgate-Palmolive Company,79.37,100% Buy,67.32%,9.75%,3018860,58.49,79.51
CLX,Clorox Company,217.13,56% Buy,42.14%,24.82%,1581005,144.12,239.87
CMA,Comerica Inc,40.19,24% Buy,53.81%,36.01%,1303635,24.28,73.43
CMCSA,Comcast Corp A,44.56,88% Buy,63.50%,14.27%,12827235,31.7,47.74
CME,CME Group Inc,177.03,24% Sell,59.94%,15.04%,1481175,131.8,225.36
CMG,Chipotle Mexican Grill,1301.51,100% Buy,69.46%,21.30%,225385,415,1302.86
CMI,Cummins Inc,208.72,100% Buy,62.10%,25.04%,840110,101.03,215.43
CMS,Cms Energy Corp,60.05,8% Sell,46.01%,17.06%,1589570,46.03,69.17
CNC,Centene Corp,60.48,40% Sell,41.99%,27.15%,2725780,41.62,74.7
CNP,Centerpoint Energy Inc,19.95,16% Buy,52.36%,32.52%,5675005,11.58,30.71
COF,Capital One Financial Corp,71.13,24% Buy,58.51%,40.00%,2651545,38,107.59
COG,Cabot Oil & Gas Corp,18.95,56% Buy,48.69%,34.90%,4460450,13.06,22.67
COO,Cooper Companies,315.89,24% Buy,62.23%,21.24%,289540,236.68,365.68
COP,Conocophillips,38.38,100% Sell,45.59%,31.94%,6107340,20.84,67.13
COST,Costco Wholesale,348.37,100% Buy,69.50%,15.95%,1930290,271.28,349.06
COTY,Coty Inc,3.71,100% Sell,42.89%,53.63%,8677665,3.02,13.42
CPB,Campbell Soup Company,52.14,100% Buy,56.81%,15.74%,1495245,40.7,57.54
CPRT,Copart Inc,104.08,88% Buy,76.45%,13.90%,1193965,55.69,104.88
CRM,Salesforce.com Inc,271.1,100% Buy,78.38%,84.38%,11149925,115.29,278.28
CSCO,Cisco Systems Inc,42.2,40% Sell,38.09%,42.84%,23008936,32.4,50.3
CSX,CSX Corp,77.07,88% Buy,63.38%,14.13%,2901605,46.81,80.62
CTAS,Cintas Corp,333.88,100% Buy,73.22%,14.57%,369755,154.33,334.6
CTL,Centurylink,10.99,24% Buy,55.45%,39.23%,12360940,8.16,15.3
CTSH,Cognizant Tech Sol,67.69,88% Buy,62.52%,14.26%,2160420,40.01,71.48
CTVA,Corteva Inc,29.52,88% Buy,59.62%,49.46%,5604940,20.38,32.08
CTXS,Citrix Systems Inc,144.03,24% Buy,51.18%,19.62%,1118585,92.11,173.56
CVS,CVS Corp,63.21,40% Sell,46.18%,17.00%,6645060,52.04,77.03
CVX,Chevron Corp,85.63,100% Sell,45.88%,24.82%,8203565,51.6,125.27
CXO,Concho Resources Inc,52.26,72% Sell,51.01%,33.80%,1795335,33.13,93.34
D,Dominion Resources,78.02,88% Sell,45.87%,13.17%,2958805,57.79,90.89
DAL,Delta Air Lines Inc,31.99,8% Buy,63.99%,45.86%,22372869,17.51,62.48
DD,Du Pont De.Nemours Inc,57.18,88% Buy,56.37%,25.39%,3999740,28.33,73.77
DE,Deere & Company,209.9,88% Buy,76.46%,24.12%,1811235,106.14,212.45
DFS,Discover Financial Services,54.25,40% Buy,56.10%,41.53%,2792135,23.25,87.43
DG,Dollar General Corp,200.39,100% Buy,57.55%,20.76%,1922315,125,206.98
DGX,Quest Diagnostics Inc,110.75,40% Buy,35.88%,30.58%,1334415,73.02,131.81
DHI,D.R. Horton,71.84,96% Buy,59.63%,26.39%,3355810,25.51,77.45
DHR,Danaher Corp,205.64,88% Buy,59.97%,17.81%,1629610,119.6,209.38
DIS,Walt Disney Company,135.54,72% Buy,67.58%,32.91%,12531215,79.07,153.41
DISCA,Discovery Comm A,22.88,8% Buy,56.82%,35.77%,3961400,17.12,33.65
DISCK,Discovery Comm Inc,20.68,8% Sell,56.44%,33.38%,2837830,15.43,31.2
DISH,Dish Network Corp,34.82,88% Buy,55.29%,29.81%,2800530,17.09,42.62
DLR,Digital Realty Trust,154.29,88% Buy,53.28%,24.75%,1095135,105,165.49
DLTR,Dollar Tree Inc,94.73,56% Buy,47.01%,35.22%,2216720,60.2,119.71
DOV,Dover Corp,111.38,88% Buy,63.34%,14.29%,641670,62.95,120.26
DOW,Dow Inc,46.05,88% Buy,59.20%,31.82%,3595850,21.95,56.25
DPZ,Domino's Pizza Inc,415.98,100% Buy,63.55%,12.85%,458695,223.4,424.72
DRE,Duke Realty Corp,38.68,80% Buy,54.69%,19.05%,1569585,25.19,40.84
DRI,Darden Restaurants,89.86,40% Buy,65.52%,32.50%,2137685,26.15,128.41
DTE,Dte Energy Company,117.86,72% Buy,57.09%,18.50%,821655,71.21,135.67
DUK,Duke Energy Corp,79.71,88% Sell,41.87%,18.65%,3210385,62.13,103.79
DVA,Davita Healthcare Partners Inc,86.94,100% Buy,56.40%,24.64%,877300,54.08,92.16
DVN,Devon Energy Corp,11.1,64% Sell,48.94%,54.72%,7382350,4.7,28.42
DXC,Dxc Technology Company,20.56,24% Buy,63.06%,38.28%,3094075,7.9,38.37
DXCM,Dexcom,418.95,64% Buy,48.68%,34.15%,646980,138.28,456.23
EA,Electronic Arts Inc,140.87,80% Buy,53.32%,25.76%,1706220,85.69,147.36
EBAY,Ebay Inc,54.27,56% Buy,46.19%,27.85%,7151245,26.02,61.06
ECL,Ecolab Inc,200.5,56% Buy,53.38%,15.32%,932215,124.6,231.36
ED,Consolidated Edison Company of New York,70.92,88% Sell,41.92%,24.38%,1968725,62.03,95.1
EFX,Equifax Inc,168.37,80% Buy,56.12%,19.28%,623955,103.01,181.76
EIX,Edison International,52.17,100% Sell,44.89%,24.17%,1959780,43.63,78.93
EL,Estee Lauder Companies,222.93,88% Buy,66.52%,34.05%,1397385,137.01,223.54
EMN,Eastman Chemical Company,74.43,88% Buy,54.59%,28.64%,849005,34.44,83.99
EMR,Emerson Electric Company,70.65,88% Buy,62.48%,26.83%,3022580,37.75,78.38
EOG,Eog Resources,46.21,100% Sell,47.36%,43.14%,4409950,27,89.54
EQIX,Equinix Inc,787.02,100% Buy,59.19%,19.84%,336435,477.87,805.81
EQR,Equity Residential,57.03,64% Sell,53.02%,28.62%,2280120,49.62,89.55
ES,Eversource Energy,84.77,8% Sell,44.78%,17.80%,1107145,60.69,99.42
ESS,Essex Property Trust,220.64,88% Sell,49.76%,25.46%,367955,175.81,334.17
ETFC,E*Trade Finl Corp,54.65,100% Buy,59.14%,18.69%,1682725,25.76,57.3
ETN,Eaton Corp,103.51,88% Buy,65.56%,17.09%,1414320,56.42,105.78
ETR,Entergy Corp,98.96,40% Sell,48.31%,23.93%,938170,75.19,135.55
EVRG,Evergy Inc,52.98,100% Sell,40.76%,50.38%,3161070,42.01,76.57
EW,Edwards Lifesciences Corp,84.33,88% Buy,69.20%,20.71%,2050695,51.51,84.6
EXC,Exelon Corp,37.04,72% Sell,46.90%,25.88%,5317130,29.28,50.54
EXPD,Expeditors Intl,88.88,100% Buy,69.66%,15.70%,1120755,52.55,88.97
EXPE,Expedia Group Inc,100.89,72% Buy,68.50%,30.19%,2666780,40.76,139.88
EXR,Extra Space Storage Inc,106.74,72% Buy,60.47%,24.56%,746365,72.7,124.46
F,Ford Motor Company,6.94,40% Buy,54.42%,28.76%,53252738,3.96,9.65
FANG,Diamondback Energy,40.14,64% Sell,46.39%,44.66%,1893495,14.55,105.95
FAST,Fastenal Company,48.84,100% Buy,66.62%,12.19%,2673655,26.72,48.89
FB,Facebook Inc,293.66,100% Buy,68.84%,42.02%,27848410,137.1,304.67
FBHS,Fortune Brands Home & Security,85.41,100% Buy,70.61%,20.74%,1070735,33.9,86.47
FCX,Freeport-Mcmoran Inc,15.65,100% Buy,67.37%,45.81%,17648939,4.82,15.7
FDX,Fedex Corp,221.9,100% Buy,78.88%,37.09%,3333650,88.69,223.66
FE,Firstenergy Corp,28.31,100% Sell,34.00%,17.08%,6472710,22.85,52.51
FFIV,F5 Networks Inc,130.27,24% Sell,38.71%,19.84%,674045,79.78,156.36
FIS,Fidelity National Information Services,152.47,88% Buy,65.28%,19.20%,3589970,91.68,158.21
FISV,Fiserv Inc,100.16,48% Sell,50.90%,32.08%,4986455,73.5,125.05
FITB,Fifth Third Bncp,21.11,24% Buy,56.32%,33.54%,4524615,11.1,31.64
FLIR,Flir Systems Inc,36.43,100% Sell,41.07%,53.74%,1840580,23.85,59.44
FLS,Flowserve Corp,30.53,8% Buy,53.29%,33.63%,868010,18.98,51.25
FLT,Fleetcor Technologies,255,Hold,54.08%,40.27%,797320,168.51,329.85
FMC,FMC Corp,109.15,100% Buy,57.09%,12.07%,618950,56.77,112.45
FOX,Fox Corp Cl B,27.92,24% Sell,61.13%,32.82%,1140320,19.13,38.84
FOXA,Fox Corp Cl A,27.82,40% Sell,60.18%,34.26%,4933680,19.81,39.74
FRC,First Republic Bank,114.74,88% Buy,53.41%,19.10%,533855,70.06,125.12
FRT,Federal Realty Investment Trust,80.45,56% Sell,50.26%,28.40%,497085,64.11,141.35
FTI,Technipfmc Plc,7.8,56% Sell,48.28%,44.58%,4512645,4.49,26.53
FTNT,Fortinet Inc,130.74,40% Buy,47.42%,33.39%,1383435,70.2,151.95
FTV,Fortive Corp,72.83,88% Buy,55.88%,21.11%,2941110,37.31,80.61
GD,General Dynamics Corp,152.27,24% Buy,52.19%,20.58%,1124235,100.55,193.76
GE,General Electric Company,6.61,88% Sell,49.90%,32.29%,71184164,5.48,13.26
GILD,Gilead Sciences Inc,65.26,72% Sell,33.92%,24.74%,9189185,60.89,85.97
GIS,General Mills,63.39,80% Buy,49.09%,19.40%,2189355,46.59,66.14
GL,Globe Life Inc,84.82,24% Buy,59.10%,25.67%,393710,56.74,111.43
GLW,Corning Inc,32.66,88% Buy,63.22%,19.32%,3646585,17.44,33.56
GM,General Motors Company,30.02,56% Buy,60.79%,40.77%,13181705,14.32,39.78
GOOG,Alphabet Cl C,1644.41,100% Buy,66.20%,18.55%,1774180,1013.54,1659.22
GOOGL,Alphabet Cl A,1639.43,100% Buy,66.07%,17.71%,1470570,1008.87,1652.79
GPC,Genuine Parts Company,94.88,88% Buy,59.43%,17.28%,593310,49.68,108.58
GPN,Global Payments Inc,177.27,48% Buy,55.52%,19.94%,1967285,105.54,209.62
GPS,Gap Inc,17.54,88% Buy,70.36%,49.20%,11478780,5.26,19.86
GRMN,Garmin Ltd,103.76,100% Buy,57.54%,16.20%,729700,61.04,105.58
GS,Goldman Sachs Group,207.71,72% Buy,52.91%,18.83%,2680755,130.85,250.46
GWW,W.W. Grainger,365.98,100% Buy,68.67%,13.62%,240640,200.61,366.53
HAL,Halliburton Company,16.27,72% Buy,59.85%,35.75%,12793750,4.25,25.47
HAS,Hasbro Inc,80.94,40% Buy,58.71%,24.95%,644290,41.33,123.05
HBAN,Huntington Bcshs,9.57,8% Buy,51.88%,33.87%,6831620,6.82,15.63
HBI,Hanesbrands Inc,15.72,88% Buy,62.42%,33.83%,5197130,6.96,16.75
HCA,Hca Holdings Inc,135.99,72% Buy,64.88%,21.31%,1441190,58.38,151.97
HD,Home Depot,286.29,100% Buy,64.77%,17.33%,3511800,140.63,292.95
HES,Hess Corp,46.94,40% Sell,44.07%,40.45%,1944570,26.06,74.11
HFC,Hollyfrontier Corp,25.81,100% Sell,46.58%,47.71%,2773400,18.48,58.88
HIG,Hartford Financial Services Group,41.51,16% Sell,51.54%,32.42%,2042345,19.04,62.75
HII,Huntington Ingalls Industries,152.46,100% Sell,35.93%,41.58%,392810,147.14,279.71
HLT,Hilton Inc,91.73,40% Buy,67.21%,27.35%,2826570,44.3,115.48
HOLX,Hologic Inc,60.37,56% Buy,42.36%,37.87%,2378950,26.49,73.63
HON,Honeywell International Inc,168.38,72% Buy,67.41%,18.85%,3510970,101.08,184.06
HPE,Hewlett Packard Enterprise Comp,9.83,40% Sell,52.13%,32.13%,10145305,7.43,17.59
HPQ,HP Inc,19.85,72% Buy,65.06%,29.42%,9587080,12.54,23.93
HRB,H&R Block,14.89,48% Sell,50.11%,35.46%,2449270,11.29,26.04
HRL,Hormel Foods Corp,50.62,72% Buy,48.80%,13.18%,1341195,39.01,52.97
HSIC,Henry Schein Inc,66.44,72% Buy,54.36%,21.44%,1418530,41.85,73.99
HST,Host Marriott Financial Trust,11.69,24% Sell,55.44%,47.31%,9025850,7.86,18.9
HSY,Hershey Foods Corp,149.2,56% Buy,64.25%,14.17%,791790,109.88,162.2
HUM,Humana Inc,408.04,80% Buy,52.81%,20.61%,570490,208.25,425.46
HWM,Howmet Aerospace Inc.,18.01,24% Buy,60.09%,45.88%,2346480,9.87,34.27
IBM,International Business Machines,125.07,24% Buy,51.93%,13.95%,3461380,90.56,158.75
ICE,Intercontinental Exchange,105.56,100% Buy,66.36%,18.98%,3287940,63.51,105.99
IDXX,Idexx Laboratories,383.98,88% Buy,59.53%,19.06%,463875,168.65,407.86
IEX,Idex Corp,180.89,100% Buy,65.52%,14.93%,362430,104.56,181.25
IFF,International Flavors & Fragrances,124.47,56% Sell,48.84%,24.64%,778755,92.14,143.87
ILMN,Illumina Inc,354,40% Buy,45.95%,48.05%,926250,196.78,404.2
INCY,Incyte Corp,93.9,8% Buy,43.66%,24.51%,1110895,62.48,110.36
INFO,IHS Markit Ltd,80.63,80% Buy,53.09%,15.11%,1565590,44.81,84.37
INTC,Intel Corp,50.43,88% Sell,44.43%,19.45%,31048070,43.63,69.29
INTU,Intuit Inc,346.11,100% Buy,73.69%,20.01%,1152720,187.68,360
IP,International Paper Company,36.93,40% Buy,54.08%,29.72%,2556545,26.38,47.64
IPG,Interpublic Group of Companies,18.54,8% Buy,53.19%,30.43%,3372010,11.63,25.2
IPGP,Ipg Photonics Corp,159.65,56% Buy,48.39%,36.32%,358000,98.04,184.02
IQV,Iqvia Holdings Inc,161.22,100% Buy,58.15%,15.36%,747285,81.79,169.14
IR,Ingersoll Rand Inc.,35.76,88% Buy,65.87%,22.17%,2158980,17.01,38.96
IRM,Iron Mountain Inc,30.34,72% Buy,64.68%,15.73%,2387915,21,34.49
ISRG,Intuitive Surg Inc,727.01,100% Buy,71.67%,14.48%,447625,360.5,729.95
IT,Gartner Inc,131.48,56% Buy,58.48%,15.75%,400050,76.91,165.26
ITW,Illinois Tool Works Inc,200.66,100% Buy,68.01%,14.30%,787165,115.94,200.81
IVZ,Invesco Plc,10.73,16% Sell,52.88%,43.84%,4236595,6.38,19.01
J,Jacobs Engineering Group Inc,89.46,56% Buy,56.47%,23.82%,676945,59.29,104
JBHT,J B Hunt Transport,141.75,100% Buy,66.82%,12.77%,697715,75.29,144.35
JCI,Johnson Controls Intl,41.3,88% Buy,66.41%,15.99%,4602015,22.77,44.82
JKHY,Jack Henry & Assoc,167.48,8% Buy,40.50%,53.58%,683060,123.64,200.98
JNJ,Johnson & Johnson,153.64,88% Buy,64.43%,10.65%,5180985,109.16,157
JNPR,Juniper Networks,24.06,72% Buy,48.42%,15.55%,2752610,15.2,26.49
JPM,JP Morgan Chase & Company,102.77,24% Buy,56.82%,25.03%,15279670,76.91,141.1
K,Kellogg Company,70.54,100% Buy,58.87%,12.86%,1444240,52.66,72.88
KEY,Keycorp,12.77,8% Buy,54.53%,29.63%,7671030,7.45,20.52
KEYS,Keysight Technologies Inc Comm,97.33,24% Buy,46.67%,32.27%,1951620,77.93,110
KHC,Kraft Heinz Company,34.88,80% Buy,53.37%,17.23%,4853960,19.99,36.37
KIM,Kimco Realty Corp,12.07,16% Sell,52.80%,35.14%,3994030,7.45,21.86
KLAC,K L A-Tencor Corp,208.61,100% Buy,54.51%,30.28%,1049140,110.19,218.57
KMB,Kimberly-Clark Corp,156.5,88% Buy,62.46%,14.50%,1271825,110.66,160.16
KMI,Kinder Morgan,14.18,100% Sell,46.87%,21.41%,11569935,9.42,22.58
KMX,Carmax Inc,107.25,100% Buy,64.68%,17.41%,934155,37.59,109.31
KO,Coca-Cola Company,49.83,24% Buy,63.71%,17.69%,11683680,36.27,60.13
KR,Kroger Company,35.3,88% Buy,52.80%,17.76%,5822050,23.3,36.88
KSS,Kohl's Corp,21.65,8% Sell,52.07%,74.01%,10453770,10.89,59.28
KSU,Kansas City Southern,184.25,100% Buy,65.43%,24.18%,1054985,92.86,195.47
L,Loews Corp,36.92,Hold,53.21%,28.56%,838790,27.33,56.88
LB,L Brands Inc,29.67,88% Buy,70.35%,42.83%,6681835,8,31.33
LDOS,Leidos Holdings Inc,91.31,72% Sell,47.92%,34.13%,1053155,68,125.84
LEG,Leggett & Platt Inc,41.49,72% Buy,61.33%,30.42%,1049755,22.03,55.42
LEN,Lennar Corp,75.93,100% Buy,59.12%,22.41%,2049880,25.42,80
LH,Laboratory Corp of America Holdings,177.41,56% Buy,43.16%,21.76%,817750,98.02,206.74
LHX,L3Harris Technologies Inc,179.89,40% Sell,52.86%,18.26%,1436415,142.01,230.99
LIN,Linde Plc,253.57,100% Buy,65.76%,13.67%,1480115,146.71,254.25
LKQ,LKQ Corp,32.62,72% Buy,65.95%,25.28%,2533155,13.31,36.63
LLY,Eli Lilly and Company,147.34,8% Sell,38.31%,14.76%,2387615,101.36,170.75
LMT,Lockheed Martin Corp,395.59,40% Buy,58.76%,11.27%,906730,266.11,442.53
LNC,Lincoln National Corp,37.39,Hold,50.70%,55.54%,1485620,16.11,62.95
LNT,Alliant Energy Corp,54.32,72% Buy,59.03%,18.00%,1040780,37.66,60.28
LOW,Lowe's Companies,165.51,100% Buy,71.24%,19.71%,4053325,60,171.32
LRCX,Lam Research Corp,350.78,72% Buy,49.18%,27.01%,1413870,181.38,387.7
LUV,Southwest Airlines Company,38.81,24% Buy,64.86%,35.20%,12312040,22.47,58.83
LVS,Las Vegas Sands,52.16,8% Buy,61.42%,43.72%,5970385,33.3,74.29
LW,Lamb Weston Holdings Inc,64.19,24% Sell,51.38%,28.09%,859255,39.06,96.32
LYB,Lyondellbasell Industries NV,68.15,40% Buy,51.76%,35.19%,1649835,33.71,98.91
LYV,Live Nation Entertainment,58.71,40% Buy,69.99%,42.66%,2352530,21.7,76.6
MA,Mastercard Inc,366.12,100% Buy,76.63%,19.35%,3461145,199.99,367.25
MAA,Mid-America Apartment Communities,117.16,8% Buy,53.99%,18.42%,426930,82,148.88
MAR,Marriot Int Cl A,106.26,24% Buy,67.27%,30.10%,3116020,46.56,153.39
MAS,Masco Corp,58.54,100% Buy,62.57%,16.05%,1514185,27.04,60.1
MCD,McDonald's Corp,214.91,88% Buy,71.52%,11.42%,2694650,124.23,221.01
MCHP,Microchip Technology,110.52,100% Buy,58.74%,42.71%,2676865,53.15,113.28
MCK,Mckesson Corp,153.87,100% Buy,51.47%,31.78%,1004530,112.6,172.18
MCO,Moody's Corp,294.39,88% Buy,59.97%,16.52%,600160,164.19,296.66
MDLZ,Mondelez Intl Inc,58.31,88% Buy,67.52%,9.97%,5090005,41.19,59.96
MDT,Medtronic Inc,107.86,24% Buy,67.72%,20.23%,4752580,72.13,122.15
MET,Metlife Inc,39.42,32% Buy,54.92%,33.86%,5438250,22.85,53.28
MGM,MGM Resorts International,23.86,40% Buy,69.86%,58.98%,21136234,5.9,34.63
MHK,Mohawk Industries,96.33,24% Buy,58.87%,32.65%,780585,56.62,153.05
MKC,Mccormick & Company Inc,204.59,100% Buy,68.18%,12.81%,391345,112.22,207.24
MKTX,Marketaxess Holdings,484.37,24% Buy,43.87%,27.55%,160100,275.49,561.68
MLM,Martin Marietta Materials,207.32,24% Sell,45.03%,22.36%,469380,135.08,281.82
MMC,Marsh & Mclennan Companies,114,72% Buy,50.88%,13.12%,1489980,74.33,119.88
MMM,3M Company,165.66,88% Buy,59.30%,14.00%,2326540,114.04,182.54
MNST,Monster Beverage Cp,84.54,100% Buy,68.12%,26.68%,1793275,50.06,84.64
MO,Altria Group,43.93,56% Buy,60.90%,15.88%,6561150,30.95,51.78
MOS,Mosaic Company,18.91,72% Buy,68.25%,60.19%,5259325,6.5,23.18
MPC,Marathon Petroleum Corp,37.09,8% Buy,50.78%,43.13%,8318375,15.26,69.65
MRK,Merck & Company,85.65,72% Buy,65.83%,14.32%,7054800,65.25,92.64
MRO,Marathon Oil Corp,5.39,72% Sell,44.99%,47.53%,23188500,3.02,14.39
MS,Morgan Stanley,52.89,88% Buy,59.45%,18.41%,7236395,27.2,57.57
MSCI,MSCI Inc,373.68,88% Buy,55.26%,22.75%,420300,210.34,398.49
MSFT,Microsoft Corp,228.91,100% Buy,66.78%,29.60%,33186457,132.52,231.15
MSI,Motorola Solutions,153.58,24% Buy,62.49%,19.47%,1185230,120.77,187.49
MTB,M&T Bank Corp,106.4,16% Sell,51.49%,29.34%,623035,85.09,174
MTD,Mettler-Toledo International,966.61,100% Buy,64.22%,16.56%,93300,579.4,980.88
MU,Micron Technology,45.69,72% Sell,44.96%,33.97%,18883270,31.13,61.19
MXIM,Maxim Integrated,70.22,100% Buy,59.94%,14.24%,3327695,41.93,73.52
MYL,Mylan NV Ord Shs,16.23,72% Sell,49.05%,26.42%,4662390,12.75,23.11
NBL,Noble Energy Inc,10.18,8% Sell,50.11%,27.06%,9303565,2.73,27.31
NCLH,Norwegian Cruise Ord,17.69,8% Sell,58.20%,59.53%,32836293,7.03,59.78
NDAQ,Nasdaq Inc,131.84,100% Buy,58.12%,13.23%,631775,71.66,135.51
NEE,Nextera Energy,279.55,88% Buy,55.43%,18.66%,1356960,174.8,289.41
NEM,Newmont Mining Corp,66.71,96% Buy,53.51%,44.20%,6059340,33,72.22
NFLX,Netflix Inc,523.89,100% Buy,58.09%,49.25%,5566500,252.28,575.37
NI,NiSource Inc,22.35,88% Sell,38.62%,20.59%,2729565,19.56,30.67
NKE,Nike Inc,112.29,100% Buy,68.88%,19.96%,5623935,60,112.79
NLOK,Nortonlifelock Inc.,24.05,72% Buy,66.34%,29.19%,6266150,15.12,28.7
NLSN,Nielsen Holdings Plc,15.59,24% Buy,53.21%,34.92%,3325470,11.62,23.31
NOC,Northrop Grumman Corp,344.75,40% Buy,60.62%,16.85%,651155,263.31,385.01
NOV,National-Oilwell,12.32,16% Sell,50.85%,34.09%,3851175,8,25.81
NOW,Servicenow Inc,487.87,100% Buy,66.23%,33.79%,1857795,213.99,494
NRG,NRG Energy,34.29,16% Buy,50.33%,21.09%,1866170,19.54,41.78
NSC,Norfolk Southern Corp,215.03,88% Buy,69.69%,14.60%,1132915,112.62,219.88
NTAP,Netapp Inc,45.74,32% Sell,58.83%,33.83%,3944355,34.66,65.38
NTRS,Northern Trust Corp,83.91,24% Buy,55.40%,22.98%,692110,60.67,110.48
NUE,Nucor Corp,45.99,72% Buy,58.17%,24.13%,1708500,27.52,58.7
NVDA,Nvidia Corp,525.91,100% Buy,74.75%,37.45%,11466315,163.25,525.92
NVR,NVR Inc,4207.18,88% Buy,66.81%,19.12%,21210,2043.01,4318
NWL,Newell Rubbermaid Inc,16.22,32% Buy,48.38%,20.63%,2461930,10.44,20.99
NWS,News Cp Cl B,15.24,88% Buy,67.97%,31.38%,421845,7.88,15.55
NWSA,News Cp Cl A,15.26,88% Buy,68.71%,29.78%,2171065,7.9,15.45
O,Realty Income Corp,63.44,24% Buy,58.55%,24.39%,1860415,38,84.92
ODFL,Old Dominion Freight Line Inc.,200.32,100% Buy,72.09%,10.88%,654125,105.39,201.5
OKE,Oneok Inc,28.08,100% Sell,46.22%,40.57%,4212075,12.16,78.48
OMC,Omnicom Group Inc,55.11,56% Sell,52.39%,26.30%,1669880,46.37,82.73
ORCL,Oracle Corp,57.88,88% Buy,62.11%,17.40%,9963771,39.71,58.45
ORLY,O'Reilly Automotive,462.95,88% Buy,56.89%,13.15%,455575,251.51,487.95
OTIS,Otis Worldwide Corp [Otis/I],63.59,N/A,58.62%,14.19%,1831550,38,65.95
OXY,Occidental Petroleum Corp,13.13,88% Sell,38.44%,50.49%,22934961,9,48.85
OXY.W,Occidental Petroleum Corp Wts [Oxy/W/I],2.94,N/A,8.45%,68.25%,3088440,2.84,8.55
PAYC,Paycom Software Inc,299.84,72% Buy,52.72%,34.55%,517435,163.42,342
PAYX,Paychex Inc,77.31,56% Buy,63.16%,10.79%,1382300,47.87,90.54
PBCT,People's United Finl,10.69,100% Sell,45.50%,33.06%,3592260,9.37,17.22
PCAR,Paccar Inc,86.49,88% Buy,57.76%,15.03%,1408690,49.11,91.3
PEAK,Healthpeak Properties Inc.,28.46,24% Buy,55.33%,31.54%,3227500,18.63,37.93
PEG,Public Service Enterprise Group Inc,52.16,8% Buy,46.08%,20.21%,1782870,34.75,63.88
PEP,Pepsico Inc,139.94,88% Buy,60.65%,11.82%,3268385,101.42,147.2
PFE,Pfizer Inc,37.91,40% Buy,53.20%,11.16%,20890225,27.88,40.97
PFG,Principal Financial Group Inc,44.33,48% Buy,52.78%,32.66%,1145020,23.31,58.28
PG,Procter & Gamble Company,138.77,100% Buy,72.59%,10.73%,5818175,94.34,139.69
PGR,Progressive Corp,93.68,100% Buy,68.04%,11.46%,2040175,62.18,93.9
PH,Parker-Hannifin Corp,210.47,88% Buy,64.61%,22.22%,894880,93,215.94
PHM,Pultegroup,45.32,72% Buy,59.64%,22.12%,2444605,17.12,48
PKG,Packaging Corp of America,102.27,48% Buy,56.30%,21.22%,776075,71.05,114.78
PKI,Perkinelmer,116.91,80% Buy,55.25%,26.69%,851230,62.91,123.21
PLD,Prologis Inc,102.49,88% Buy,54.70%,19.04%,2281975,59.82,106.73
PM,Philip Morris International Inc,80.74,56% Buy,62.76%,13.47%,3394700,56.01,90.17
PNC,PNC Bank,112.35,8% Buy,56.90%,22.59%,2024530,79.41,161.79
PNR,Pentair Ltd,45.84,88% Buy,64.53%,11.90%,833720,22.01,47.43
PNW,Pinnacle West Capital Corp,73.48,72% Sell,38.94%,19.71%,933835,60.05,105.51
PPG,PPG Industries,122.12,88% Buy,65.96%,23.00%,1196245,69.77,134.36
PPL,PPL Corp,27.72,8% Buy,53.35%,25.05%,4945610,18.12,36.83
PRGO,Perrigo Company,52.82,40% Sell,46.67%,32.13%,906295,40.01,63.86
PRU,Prudential Financial Inc,69.64,24% Buy,56.95%,36.73%,2106065,38.62,97.24
PSA,Public Storage,213.44,40% Buy,64.87%,23.37%,717740,155.37,266.76
PSX,Phillips 66,61.79,100% Sell,45.88%,33.20%,3128885,40.04,119.92
PVH,Phillips-Van Heusen Corp,57.24,24% Buy,59.88%,50.58%,1062395,28.4,108.06
PWR,Quanta Services,51.39,100% Buy,71.78%,29.52%,1308015,23.77,51.81
PXD,Pioneer Natural Resources Company,105.6,40% Buy,54.56%,32.75%,1367040,48.62,159.01
PYPL,Paypal Holdings,204.48,100% Buy,64.89%,25.47%,6653005,82.07,207
QCOM,Qualcomm Inc,118.2,100% Buy,69.87%,32.40%,9818485,58,118.26
QRVO,Qorvo Inc,129.3,88% Buy,56.27%,28.78%,1110265,67.54,136.06
RCL,Royal Caribbean Cruises Ltd,70.12,24% Buy,68.73%,46.01%,9987430,19.25,135.32
RE,Everest Re Group,221.67,Hold,53.14%,23.53%,247995,157.32,294.31
REG,Regency Centers Corp,40.44,100% Sell,44.53%,27.82%,903565,31.8,70.13
REGN,Regeneron Pharmaceuticals,602.61,40% Buy,46.23%,26.57%,604440,271.37,664.64
RF,Regions Financial Corp,11.71,24% Buy,54.88%,36.05%,6702105,6.94,17.54
RHI,Robert Half International Inc,53.99,72% Buy,50.59%,21.39%,783150,32.38,63.84
RJF,Raymond James Financial,76.72,24% Buy,57.58%,26.25%,533545,54.21,102.45
RL,Ralph Lauren Corp,71.19,72% Sell,51.95%,43.26%,1373875,59.82,128.29
RMD,Resmed Inc,180.23,40% Buy,45.76%,54.16%,760010,108.85,208.99
ROK,Rockwell Automation Inc,233.27,100% Buy,60.22%,16.60%,525580,115.38,238.49
ROL,Rollins Inc,55.02,100% Buy,67.33%,15.12%,795585,30.72,56.51
ROP,Roper Industries,430.18,88% Buy,54.40%,16.17%,422155,240,455.72
ROST,Ross Stores Inc,93.83,8% Buy,55.34%,35.97%,2623970,56.3,124.16
RSG,Republic Services,92.92,72% Buy,69.05%,14.24%,933900,65.37,100.91
RTX,Raytheon Technologies Corp.,62.24,40% Sell,51.52%,28.97%,8310165,40.72,93.47
SBAC,SBA Communications,306.19,96% Buy,52.18%,25.54%,449070,205.2,323.02
SBUX,Starbucks Corp,85,48% Buy,67.62%,23.61%,7474935,50.02,98.14
SCHW,The Charles Schwab Corp,36.28,24% Sell,56.42%,27.00%,7908980,28,51.65
SEE,Sealed Air Corp,40.88,88% Buy,65.28%,31.20%,1136260,17.06,42.81
SHW,Sherwin-Williams Company,675.91,100% Buy,66.21%,14.85%,362935,325.43,681.6
SIVB,Svb Financial Group,255.01,88% Buy,62.09%,31.02%,239250,127.39,270.95
SJM,J.M. Smucker Company,119.65,72% Buy,63.98%,28.85%,929130,91.88,125.62
SLB,Schlumberger N.V.,19.42,16% Sell,51.45%,38.06%,9504646,11.87,41.14
SLG,SL Green Realty Corp,48.91,24% Sell,51.28%,43.69%,1087255,35.16,96.39
SNA,Snap-On Inc,150.34,72% Buy,57.06%,20.02%,327830,90.72,172.61
SNPS,Synopsys Inc,219.49,100% Buy,66.48%,34.30%,827665,104.9,221.32
SO,Southern Company,52.42,100% Sell,44.20%,18.84%,3568730,41.96,71.1
SPG,Simon Property Group,69.84,8% Buy,55.88%,44.38%,6007810,42.25,163.6
SPGI,S&P Global Inc,366.83,100% Buy,61.55%,16.43%,679415,186.05,367.54
SRE,Sempra Energy,122.32,64% Sell,44.72%,24.15%,1314525,88,161.87
STE,Steris Corp,157.64,96% Buy,52.51%,16.15%,368235,105.69,168.98
STT,State Street Corp,70.11,72% Buy,58.15%,27.08%,1729860,42.1,85.89
STX,Seagate Tech Ord Shs,46.6,88% Sell,50.45%,15.92%,2649475,39.02,64.17
STZ,Constellation Brands Inc,185.37,72% Buy,59.42%,19.59%,943325,104.28,212
SWK,Stanley Black & Decker Inc,165.52,88% Buy,66.61%,18.09%,869740,70,173.67
SWKS,Skyworks Solutions,143.62,88% Buy,56.43%,25.64%,1457240,67.9,149.49
SYF,Synchrony Financial,25.78,40% Buy,59.78%,34.84%,4730985,12.15,38.18
SYK,Stryker Corp,198.21,40% Buy,59.03%,19.94%,1043980,124.54,226.3
SYY,Sysco Corp,61.89,24% Buy,61.02%,35.01%,3449890,26,85.98
T,AT&T Inc,30.04,64% Sell,50.87%,8.57%,26735121,26.08,39.7
TAP,Molson Coors Brewing Company,37.89,40% Sell,53.46%,19.82%,1340855,33.18,61.94
TDG,Transdigm Group Inc,506.77,72% Buy,65.80%,24.79%,455135,200.06,673.51
TDY,Teledyne Technologies Inc,316.44,56% Sell,48.00%,20.83%,175960,195.34,398.99
TEL,Te Connectivity Ltd,97.94,88% Buy,67.18%,16.46%,1355775,48.62,101
TFC,Truist Financial Corp.,39.59,24% Buy,54.78%,37.47%,4106865,24.01,56.92
TFX,Teleflex Inc,385.02,100% Buy,57.29%,15.40%,166815,221.27,405.07
TGT,Target Corp,150.85,100% Buy,72.78%,43.64%,5961200,90.17,156.1
TIF,Tiffany & Company,123.88,56% Sell,49.17%,16.40%,1239620,81.61,134.42
TJX,TJX Companies,55.09,56% Buy,53.44%,39.31%,9108215,32.72,64.95
TMO,Thermo Fisher Scientific Inc,424.48,100% Buy,62.16%,16.61%,1147520,250.21,432.38
TMUS,T-Mobile US,116.26,100% Buy,63.59%,25.19%,3666120,63.5,118
TPR,Tapestry Inc,14.88,8% Sell,53.09%,42.72%,5792055,10.18,30.4
TROW,T Rowe Price Group,139.11,100% Buy,61.10%,11.67%,833900,82.51,142.51
TRV,The Travelers Companies Inc,115.89,16% Buy,50.89%,25.23%,1242190,76.99,153.65
TSCO,Tractor Supply Company,146.91,80% Buy,53.36%,24.50%,1160120,63.89,155.56
TSN,Tyson Foods,63.91,24% Buy,54.92%,24.58%,2456170,42.57,94.24
TT,Trane Technologies Plc,120.3,72% Buy,68.38%,16.49%,1042595,70,146.85
TTWO,Take-Two Interacti,171.06,88% Buy,57.65%,31.75%,1414275,100,180.61
TWTR,Twitter Inc,41.07,100% Buy,68.46%,18.19%,13116050,20,45.85
TXN,Texas Instruments,143.49,100% Buy,66.81%,12.77%,3464185,93.09,143.59
TXT,Textron Inc,39.97,72% Buy,64.50%,28.49%,1171835,20.26,52.87
TYL,Tyler Technologies,337.63,24% Buy,44.64%,28.33%,271645,245,382.92
UA,Under Armour Inc Cl C,9.14,16% Sell,49.57%,48.84%,4668725,6.37,19.65
UAA,Under Armour,10.15,32% Sell,49.26%,53.97%,6416350,7.15,21.96
UAL,United Airlines Holdings Inc,37.34,8% Buy,56.15%,59.98%,36676820,17.8,95.16
UDR,United Dominion Realty Trust,35.09,88% Sell,47.38%,25.56%,1377825,29.2,51.25
UHS,Universal Health Services,112.62,24% Buy,57.75%,25.18%,529165,65.2,157.06
ULTA,Ulta Beauty Inc,237.02,24% Buy,62.96%,43.89%,1359165,124.05,342
UNH,Unitedhealth Group Inc,314.37,80% Buy,54.53%,17.29%,2643440,187.72,324.57
UNM,Unumprovident Corp,19.01,24% Buy,56.55%,45.17%,1964065,9.58,31.32
UNP,Union Pacific Corp,195.13,100% Buy,65.28%,16.25%,2310105,105.08,195.8
UPS,United Parcel Service,162.36,100% Buy,78.48%,29.18%,3987115,82,162.7
URI,United Rentals,182.53,100% Buy,64.93%,29.78%,749020,58.85,186.78
USB,U.S. Bancorp,37.2,8% Sell,51.85%,25.80%,5106940,28.36,61.11
V,Visa Inc,215.71,100% Buy,70.32%,13.15%,7613670,133.93,216.16
VAR,Varian Medical Systems,172.75,72% Buy,77.81%,68.95%,2441340,89.62,176.19
VFC,V.F. Corp,67.94,24% Buy,61.00%,39.80%,1926855,45.07,100.25
VIAC,Viacomcbs Inc. Cl B,27.99,72% Buy,61.45%,30.84%,9649665,10.1,44.94
VLO,Valero Energy Corp,54.89,88% Sell,48.93%,36.67%,3942360,31,101.99
VMC,Vulcan Materials Company,122.89,16% Buy,48.02%,26.72%,905690,65.56,152.49
VNO,Vornado Realty Trust,37.16,72% Sell,52.62%,40.48%,1767580,27.64,68.68
VRSK,Verisk Analytics Inc,187.35,80% Buy,59.00%,11.50%,646525,116.61,192.4
VRSN,Verisign Inc,208.14,32% Buy,50.73%,18.28%,606340,148.77,221.3
VRTX,Vertex Pharmaceutic,269.96,8% Buy,46.11%,24.88%,1116230,165.23,306.08
VTR,Ventas Inc,42.72,24% Buy,60.11%,33.89%,2297205,13.35,75.4
VZ,Verizon Communications Inc,59.26,72% Buy,61.61%,8.91%,10950985,48.84,62.22
WAB,Wabtec Corp,67.09,72% Buy,56.47%,29.43%,1113790,35.07,81.75
WAT,Waters Corp,217.43,72% Buy,58.00%,10.24%,428145,154.39,245.68
WBA,Walgreens Boots Alliance,38.76,100% Sell,41.59%,23.84%,5488965,36.65,64.5
WDC,Western Digital Cp,37.84,88% Sell,47.13%,70.31%,7496545,27.4,72
WEC,Wisconsin Energy Corp,93.62,40% Buy,55.79%,18.83%,1043615,68.01,109.53
WELL,Welltower Inc,59.45,24% Buy,60.95%,34.01%,2540225,24.27,93.17
WFC,Wells Fargo & Company,24.69,88% Sell,48.03%,28.03%,35438426,22,54.75
WHR,Whirlpool Corp,178.88,100% Buy,68.49%,19.04%,569565,64,185.96
WLTW,Willis Towers WT,205.66,72% Buy,54.97%,20.96%,861075,143.34,220.97
WM,Waste Management,114.01,72% Buy,63.68%,11.78%,1434220,85.34,126.79
WMB,Williams Companies,21.07,72% Buy,53.73%,36.35%,7198385,8.41,25.29
WMT,Wal-Mart Stores,140.3,100% Buy,67.23%,24.01%,10747320,102,141.07
WRB,W.R. Berkley Corp,63,56% Buy,55.97%,21.02%,577175,43.05,79.92
WRK,Westrock Company,31.06,24% Buy,55.68%,47.92%,2229715,21.5,44.39
WST,West Pharmaceutical Services,271.59,88% Buy,60.61%,22.66%,442085,124.53,279.54
WU,Western Union Company,23.96,72% Buy,59.18%,24.14%,4629370,17.39,28.44
WY,Weyerhaeuser Company,30.89,88% Buy,72.69%,19.85%,4595050,13.1,31.58
WYNN,Wynn Resorts Ltd,91.55,8% Buy,60.11%,59.93%,4781190,35.84,153.41
XEL,XCEL Energy Inc,68.65,80% Buy,51.42%,20.39%,2323155,46.58,73
XLNX,Xilinx Inc,104.91,80% Buy,54.45%,16.21%,2040170,67.68,112.17
XOM,Exxon Mobil Corp,40.69,100% Sell,42.43%,27.88%,21211971,30.11,75.18
XRAY,Dentsply Sirona Inc,45.32,8% Buy,54.46%,41.26%,1922990,31.58,60.87
XRX,Xerox Corp,19.53,8% Sell,63.51%,35.76%,3346355,14.22,39.47
XYL,Xylem Inc,81.98,72% Buy,67.92%,16.90%,666285,54.62,89.34
YUM,Yum! Brands,97.45,72% Buy,64.27%,13.76%,1326415,54.95,119.59
ZBH,Zimmer Biomet Holdings,141.67,72% Buy,61.41%,25.87%,1007265,74.37,161.11
ZBRA,Zebra Technologies,280.16,88% Buy,54.02%,20.30%,239995,150.06,291.3
ZION,Zions Bancorp,33.02,32% Sell,49.49%,35.41%,1392805,23.58,52.48
ZTS,Zoetis Inc Cl A,160,100% Buy,64.97%,17.11%,1521485,90.14,163.98
Downloaded from Barchart.com as of 08-30-2020 08:34am CDT,,,,,,,,