Symbol,Name,Last,Wtd Alpha,YTD %Chg,1M %Chg,3M %Chg,52W %Chg
A,Agilent Technologies,99.9,43.6,17.10%,4.83%,15.24%,42.84%
AAL,American Airlines Gp,13.59,-57.8,-52.62%,15.46%,23.77%,-46.35%
AAP,Advance Auto Parts Inc,154.77,26.2,-3.37%,5.87%,11.80%,13.17%
AAPL,Apple Inc,499.23,155.1,70.01%,33.84%,56.87%,142.90%
ABBV,Abbvie Inc,94.17,35.6,6.36%,-2.63%,4.60%,42.53%
ABC,Amerisourcebergen Corp,97.55,17.9,14.74%,-4.47%,3.34%,20.42%
ABMD,Abiomed Inc,303.04,81.5,77.64%,2.76%,39.42%,58.49%
ABT,Abbott Laboratories,110.79,39.6,27.55%,10.95%,20.29%,31.55%
ACN,Accenture Plc,242.99,32.3,15.40%,9.37%,20.49%,23.45%
ADBE,Adobe Systems Inc,516.44,94.9,56.59%,19.47%,35.97%,83.05%
ADI,Analog Devices,119.58,10.8,0.62%,3.60%,7.77%,10.69%
ADM,Archer Daniels Midland,44.9,20.4,-3.13%,5.42%,15.13%,19.51%
ADP,Automatic Data Procs,141.34,-14.2,-17.10%,-3.62%,-2.39%,-15.48%
ADSK,Autodesk Inc,247.39,75.2,34.85%,5.46%,22.09%,76.61%
AEE,Ameren Corp,78.66,3.2,2.42%,-1.27%,6.38%,3.84%
AEP,American Electric Power Company,78.35,-17.1,-17.10%,-7.54%,-7.93%,-12.59%
AES,The Aes Corp,17.9,24.2,-10.05%,17.76%,38.87%,20.46%
AFL,Aflac Incorporated,37.13,-30.5,-29.81%,2.31%,1.37%,-24.41%
AIG,American International Group,29.37,-41.1,-42.78%,-5.11%,-5.62%,-44.00%
AIV,Apartment Investment and Management,36.38,-19.2,-29.56%,-1.65%,-2.15%,-28.07%
AIZ,Assurant Inc,122.68,3,-6.41%,15.76%,18.54%,1.35%
AJG,Arthur J. Gallagher & Company,105.05,20.2,10.31%,1.24%,11.76%,19.51%
AKAM,Akamai Technologies,115.63,34.9,33.86%,3.25%,12.36%,31.11%
ALB,Albemarle Corp,92.32,48,26.40%,10.30%,21.59%,55.63%
ALGN,Align Technology,300.58,64.4,7.72%,0.49%,20.63%,69.52%
ALK,Alaska Air Group,40.73,-21.2,-39.88%,16.37%,18.20%,-30.66%
ALL,Allstate Corp,94.3,-10.6,-16.14%,2.20%,-4.03%,-7.92%
ALLE,Allegion Plc,104,10.9,-16.49%,5.57%,4.09%,10.30%
ALXN,Alexion Pharm Inc,106.99,6,-1.07%,1.69%,-6.49%,-3.85%
AMAT,Applied Materials,63.07,38.8,3.33%,1.24%,15.36%,37.41%
AMCR,Amcor Plc,11.25,31.3,3.78%,5.04%,12.50%,15.86%
AMD,Adv Micro Devices,85.55,172.6,86.55%,26.53%,65.35%,177.94%
AME,Amtek Inc,101.93,22.2,2.20%,10.70%,10.94%,21.19%
AMGN,Amgen Inc,253.12,23.2,5.00%,-0.84%,12.93%,21.97%
AMP,Ameriprise Financial Services,158.89,11.7,-4.62%,3.14%,10.62%,26.25%
AMT,American Tower Corp,249.59,9.1,8.60%,-6.45%,-3.30%,8.45%
AMZN,Amazon.com Inc,3401.8,109.9,84.10%,13.38%,41.68%,92.82%
ANET,Arista Networks Inc,222.04,4.9,9.16%,-7.81%,-0.39%,-0.20%
ANSS,Ansys Inc,336.71,66.6,30.81%,12.91%,22.40%,64.94%
ANTM,Anthem Inc,277.28,19.9,-8.19%,4.54%,-4.84%,9.25%
AON,AON Plc,200.11,-1,-3.93%,-2.74%,0.71%,5.02%
AOS,Smith [A.O.] Corp,49.36,9.5,3.61%,-5.51%,5.95%,9.47%
APA,Apache Corp,15.05,11.2,-41.21%,12.95%,26.75%,-30.44%
APD,Air Products and Chemicals,296.76,40.5,26.29%,2.59%,23.30%,31.43%
APH,Amphenol Corp,109.78,27.4,1.43%,5.34%,15.13%,28.86%
APTV,Aptiv Plc,87.25,7.3,-8.13%,6.18%,18.50%,5.53%
ARE,Alexandria Real Estate Equities,169.71,12.8,5.03%,-2.35%,9.39%,15.13%
ATO,Atmos Energy Corp,99.58,-10.6,-10.98%,-4.80%,-2.07%,-8.03%
ATVI,Activision Blizzard,83.21,67.1,40.04%,3.08%,18.50%,65.72%
AVB,Avalonbay Communities,159.62,-17.8,-23.88%,6.24%,0.37%,-23.79%
AVGO,Broadcom Ltd,344.82,28.4,9.11%,12.19%,21.78%,24.91%
AVY,Avery Dennison Corp,118.18,-1.1,-9.66%,0.49%,5.34%,3.95%
AWK,American Water Works,140.79,16.5,14.60%,-3.14%,13.80%,11.70%
AXP,American Express Company,102.54,-12.8,-17.63%,8.60%,4.57%,-13.90%
AZO,Autozone,1189.12,24,-0.18%,1.97%,3.62%,8.33%
BA,Boeing Company,175.8,-46.7,-46.03%,2.90%,17.34%,-51.16%
BAC,Bank of America Corp,26.3,-9.3,-25.33%,7.96%,5.79%,-2.05%
BAX,Baxter International Inc,86.03,-1.3,2.88%,-3.62%,-2.46%,-1.04%
BBY,Best Buy Company,111.23,77.6,26.69%,14.45%,45.53%,61.20%
BDX,Becton Dickinson and Company,242.8,-6.2,-10.73%,-11.06%,0.54%,-4.04%
BEN,Franklin Resources,21.33,-16.5,-17.90%,3.75%,12.80%,-17.96%
BF.B,Brown Forman Inc Cl B,73.6,27.1,8.88%,7.74%,11.53%,25.06%
BIIB,Biogen Inc,281.46,4.3,-5.15%,0.40%,-6.34%,27.32%
BIO,Bio-Rad Laboratories,498.84,50.1,34.81%,-4.39%,4.55%,48.86%
BK,Bank of New York Mellon Corp,37.56,-12.6,-25.37%,4.13%,-0.08%,-8.50%
BKNG,Booking Holdings Inc,1945.25,7.3,-5.28%,15.67%,17.97%,0.17%
BKR,Baker Hughes A Ge Co. Cl A,14.8,-31.4,-42.26%,-6.74%,-9.70%,-31.61%
BLK,Blackrock,601.06,40.9,19.57%,5.32%,11.96%,45.24%
BLL,Ball Corp,80.27,10,24.12%,8.36%,13.78%,1.26%
BMY,Bristol-Myers Squibb Company,62.37,24.3,-2.84%,4.95%,4.28%,28.18%
BR,Broadridge Financial Solutions Llc,138.47,15.6,12.09%,4.47%,16.11%,7.69%
BRK.B,Berkshire Hathaway Cl B,218.55,11,-3.51%,12.59%,18.07%,9.03%
BSX,Boston Scientific Corp,41.03,0.9,-9.27%,7.21%,9.50%,-3.44%
BWA,Borgwarner Inc,41.43,32.3,-4.50%,7.61%,29.07%,30.20%
BXP,Boston Properties,88.94,-28.3,-35.49%,-2.40%,1.34%,-29.77%
C,Citigroup Inc,52.28,-21.4,-34.56%,1.97%,6.35%,-16.16%
CAG,Conagra Brands Inc,38.16,35.4,11.45%,2.33%,12.53%,34.13%
CAH,Cardinal Health,50.5,9.5,-0.16%,-10.75%,-7.12%,20.99%
CARR,Carrier Global Corporation [Carr/I],30.3,N/A,152.50%,16.23%,54.59%,152.50%
CAT,Caterpillar Inc,143.63,22.6,-2.74%,4.06%,18.96%,25.05%
CB,Chubb Ltd,126.39,-18,-18.80%,-4.22%,2.17%,-19.50%
CBOE,CBOE Global Markets Inc,91.75,-23.7,-23.54%,4.94%,-10.60%,-23.52%
CBRE,CBRE Group Inc,47.85,-10.3,-21.93%,14.34%,8.45%,-4.51%
CCI,Crown Castle International Corp,163.79,13.9,15.22%,-4.65%,-2.96%,11.84%
CCL,Carnival Corp,17.21,-43.4,-66.14%,20.10%,8.04%,-60.35%
CDNS,Cadence Design Sys,110.86,76.5,59.83%,6.54%,25.89%,65.91%
CDW,CDW Corp,115.34,-2.2,-19.25%,1.31%,5.19%,3.23%
CE,Celanese Corp,103.94,-6.8,-15.58%,11.49%,12.56%,-5.11%
CERN,Cerner Corp,72.8,6.4,-0.80%,2.33%,2.72%,6.15%
CF,Cf Industries Holdings,33.21,-22,-30.44%,9.89%,13.58%,-29.80%
CFG,Citizens Financial Group Inc/Ri,26.29,-23.2,-35.26%,8.73%,6.61%,-19.99%
CHD,Church & Dwight Company,94.91,32.3,34.93%,7.60%,28.19%,18.22%
CHRW,C.H. Robinson Ww,98.73,30.9,26.25%,13.29%,22.10%,18.71%
CHTR,Charter Communicatio,615.64,52.8,26.92%,9.66%,15.14%,53.72%
CI,Cigna Corp,181.15,11.5,-11.41%,3.07%,-9.68%,22.86%
CINF,Cincinnati Financial,80.39,-22.7,-23.55%,-3.61%,32.72%,-27.64%
CL,Colgate-Palmolive Company,79.37,12.9,15.30%,4.83%,10.10%,7.26%
CLX,Clorox Company,217.13,40.3,41.42%,-5.00%,5.94%,35.72%
CMA,Comerica Inc,40.19,-36.6,-43.99%,9.66%,6.95%,-33.09%
CMCSA,Comcast Corp A,44.56,5.2,-0.91%,3.12%,12.67%,1.80%
CME,CME Group Inc,177.03,-17.1,-11.80%,6.64%,-1.92%,-17.95%
CMG,Chipotle Mexican Grill,1301.51,66.1,55.48%,17.02%,30.79%,55.06%
CMI,Cummins Inc,208.72,46.1,16.63%,7.02%,22.93%,43.35%
CMS,Cms Energy Corp,60.05,-4,-4.44%,-5.48%,3.66%,-3.87%
CNC,Centene Corp,60.48,22.7,-3.80%,-5.84%,-9.60%,33.45%
CNP,Centerpoint Energy Inc,19.95,-30.7,-26.84%,3.10%,10.71%,-26.95%
COF,Capital One Financial Corp,71.13,-8.3,-30.88%,10.97%,3.78%,-15.91%
COG,Cabot Oil & Gas Corp,18.95,11.5,8.85%,3.72%,-1.92%,12.86%
COO,Cooper Companies,315.89,3.7,-1.68%,12.21%,-0.23%,-1.58%
COP,Conocophillips,38.38,-18.7,-40.98%,-1.49%,-10.76%,-26.12%
COST,Costco Wholesale,348.37,22.6,18.53%,6.35%,12.54%,18.30%
COTY,Coty Inc,3.71,-56.2,-67.02%,-8.85%,-11.46%,-60.24%
CPB,Campbell Soup Company,52.14,15.9,5.50%,3.80%,5.29%,24.23%
CPRT,Copart Inc,104.08,40.9,14.45%,16.11%,16.79%,38.75%
CRM,Salesforce.com Inc,271.1,77.5,66.69%,43.06%,49.70%,78.55%
CSCO,Cisco Systems Inc,42.2,-11.1,-12.01%,-8.82%,-7.45%,-9.96%
CSX,CSX Corp,77.07,18.3,6.51%,9.94%,8.17%,17.86%
CTAS,Cintas Corp,333.88,54.6,24.08%,13.73%,32.64%,27.35%
CTL,Centurylink,10.99,-4.7,-16.81%,11.12%,8.06%,-4.93%
CTSH,Cognizant Tech Sol,67.69,12.1,9.14%,8.06%,26.05%,12.37%
CTVA,Corteva Inc,29.52,2.7,-0.14%,4.72%,9.37%,1.20%
CTXS,Citrix Systems Inc,144.03,47.3,29.87%,4.35%,2.01%,56.35%
CVS,CVS Corp,63.21,unch,-14.91%,-0.09%,-5.03%,6.27%
CVX,Chevron Corp,85.63,-18,-28.94%,-3.91%,-5.77%,-26.71%
CXO,Concho Resources Inc,52.26,-35.3,-40.32%,0.99%,-4.88%,-26.11%
D,Dominion Resources,78.02,-2.2,-5.80%,-4.92%,-6.79%,1.47%
DAL,Delta Air Lines Inc,31.99,-32.7,-45.30%,23.32%,24.67%,-43.56%
DD,Du Pont De.Nemours Inc,57.18,-13,-10.93%,5.85%,13.23%,-10.74%
DE,Deere & Company,209.9,46.1,21.15%,19.40%,37.05%,37.44%
DFS,Discover Financial Services,54.25,-19.1,-36.04%,8.26%,9.66%,-31.29%
DG,Dollar General Corp,200.39,33.2,28.47%,5.45%,8.84%,42.09%
DGX,Quest Diagnostics Inc,110.75,7.9,3.71%,-10.29%,-6.20%,9.73%
DHI,D.R. Horton,71.84,65.2,36.19%,11.24%,28.49%,46.61%
DHR,Danaher Corp,205.64,53.1,33.98%,3.33%,25.41%,47.42%
DIS,Walt Disney Company,135.54,5.4,-6.29%,16.66%,16.09%,-0.74%
DISCA,Discovery Comm A,22.88,-18,-30.13%,10.08%,4.14%,-15.09%
DISCK,Discovery Comm Inc,20.68,-19.6,-32.17%,11.12%,3.79%,-18.49%
DISH,Dish Network Corp,34.82,16.6,-1.83%,5.10%,11.66%,4.13%
DLR,Digital Realty Trust,154.29,27.6,28.85%,0.21%,5.64%,27.22%
DLTR,Dollar Tree Inc,94.73,-2.7,0.72%,-0.95%,-2.98%,-4.89%
DOV,Dover Corp,111.38,27.6,-3.37%,6.31%,14.79%,22.69%
DOW,Dow Inc,46.05,23.5,-15.86%,8.05%,18.96%,8.30%
DPZ,Domino's Pizza Inc,415.98,68.8,41.60%,7.93%,13.80%,84.18%
DRE,Duke Realty Corp,38.68,18.4,11.57%,0.65%,11.05%,16.89%
DRI,Darden Restaurants,89.86,-14.4,-17.57%,18.49%,13.03%,-25.24%
DTE,Dte Energy Company,117.86,-11.2,-9.25%,2.82%,9.37%,-9.01%
DUK,Duke Energy Corp,79.71,-15.6,-12.61%,-5.78%,-7.13%,-13.64%
DVA,Davita Healthcare Partners Inc,86.94,48.4,15.87%,-1.19%,9.40%,59.61%
DVN,Devon Energy Corp,11.1,-43.1,-57.26%,7.35%,-4.80%,-49.36%
DXC,Dxc Technology Company,20.56,-43.9,-45.30%,21.37%,24.08%,-35.39%
DXCM,Dexcom,418.95,122.8,91.53%,0.28%,15.79%,139.14%
EA,Electronic Arts Inc,140.87,53.9,31.03%,4.52%,16.09%,52.46%
EBAY,Ebay Inc,54.27,48.1,50.29%,-3.69%,22.70%,35.37%
ECL,Ecolab Inc,200.5,-0.2,3.89%,3.50%,-5.16%,-2.09%
ED,Consolidated Edison Company of New York,70.92,-22.7,-21.61%,-7.12%,-3.05%,-19.20%
EFX,Equifax Inc,168.37,28.1,20.16%,3.69%,9.33%,16.21%
EIX,Edison International,52.17,-30,-30.82%,-5.33%,-10.04%,-27.32%
EL,Estee Lauder Companies,222.93,20.6,7.94%,15.75%,15.82%,10.06%
EMN,Eastman Chemical Company,74.43,4.3,-6.09%,-2.53%,8.74%,18.54%
EMR,Emerson Electric Company,70.65,20.4,-7.36%,13.46%,15.76%,22.17%
EOG,Eog Resources,46.21,-21.8,-44.83%,-2.24%,-10.52%,-36.29%
EQIX,Equinix Inc,787.02,46.5,34.83%,4.58%,13.51%,42.18%
EQR,Equity Residential,57.03,-34.3,-29.52%,4.34%,-6.31%,-31.81%
ES,Eversource Energy,84.77,7.4,-0.35%,-5.96%,4.80%,5.58%
ESS,Essex Property Trust,220.64,-29.8,-26.66%,1.20%,-11.34%,-30.99%
ETFC,E*Trade Finl Corp,54.65,35.9,20.45%,5.32%,19.72%,35.74%
ETN,Eaton Corp,103.51,38.9,9.28%,10.90%,21.59%,32.93%
ETR,Entergy Corp,98.96,-15.3,-17.40%,-3.61%,-3.99%,-11.89%
EVRG,Evergy Inc,52.98,-25.1,-18.61%,-18.16%,-14.97%,-18.35%
EW,Edwards Lifesciences Corp,84.33,19.8,8.44%,8.90%,13.88%,16.64%
EXC,Exelon Corp,37.04,-21.6,-18.75%,-2.45%,-3.19%,-20.22%
EXPD,Expeditors Intl,88.88,31.4,13.92%,11.87%,17.47%,25.80%
EXPE,Expedia Group Inc,100.89,5.2,-6.70%,20.57%,28.07%,-22.02%
EXR,Extra Space Storage Inc,106.74,-6.5,1.06%,7.18%,9.79%,-11.79%
F,Ford Motor Company,6.94,-26.5,-25.38%,-1.00%,18.63%,-22.89%
FANG,Diamondback Energy,40.14,-38.8,-56.77%,3.24%,-6.69%,-58.46%
FAST,Fastenal Company,48.84,64.2,32.18%,7.65%,20.95%,63.51%
FB,Facebook Inc,293.66,72.9,43.07%,27.61%,30.25%,61.56%
FBHS,Fortune Brands Home & Security,85.41,57.4,30.72%,18.15%,39.72%,71.78%
FCX,Freeport-Mcmoran Inc,15.65,91.1,19.28%,18.29%,72.17%,74.86%
FDX,Fedex Corp,221.9,67,46.75%,32.93%,69.20%,44.86%
FE,Firstenergy Corp,28.31,-36.2,-41.75%,-2.85%,-33.68%,-37.81%
FFIV,F5 Networks Inc,130.27,-1.8,-6.72%,-5.58%,-8.42%,4.88%
FIS,Fidelity National Information Services,152.47,18,9.62%,6.90%,10.19%,11.28%
FISV,Fiserv Inc,100.16,-6.8,-13.38%,0.26%,-5.68%,-6.17%
FITB,Fifth Third Bncp,21.11,-26.9,-31.33%,9.55%,4.87%,-18.08%
FLIR,Flir Systems Inc,36.43,-27.4,-30.04%,-11.83%,-18.76%,-24.10%
FLS,Flowserve Corp,30.53,-18.2,-38.66%,3.32%,13.83%,-25.24%
FLT,Fleetcor Technologies,255,-13.5,-11.37%,-0.48%,3.05%,-13.72%
FMC,FMC Corp,109.15,31.4,9.35%,2.54%,11.78%,29.86%
FOX,Fox Corp Cl B,27.92,-12.4,-23.30%,8.60%,-2.58%,-11.53%
FOXA,Fox Corp Cl A,27.82,-15.5,-24.97%,8.06%,-3.85%,-12.50%
FRC,First Republic Bank,114.74,23.1,-2.31%,2.25%,5.38%,29.83%
FRT,Federal Realty Investment Trust,80.45,-36.6,-37.50%,5.67%,0.01%,-37.18%
FTI,Technipfmc Plc,7.8,-57,-63.62%,3.59%,1.56%,-68.46%
FTNT,Fortinet Inc,130.74,41.7,22.46%,-2.01%,-2.92%,67.94%
FTV,Fortive Corp,72.83,12,-4.66%,2.53%,18.35%,4.58%
GD,General Dynamics Corp,152.27,-17.2,-13.65%,2.49%,2.55%,-17.89%
GE,General Electric Company,6.61,-27.5,-40.77%,-4.06%,-2.51%,-16.75%
GILD,Gilead Sciences Inc,65.26,-3.9,0.43%,-11.49%,-13.36%,2.55%
GIS,General Mills,63.39,20.4,18.35%,-1.78%,2.39%,19.33%
GL,Globe Life Inc,84.82,-9.8,-19.41%,8.20%,10.04%,-2.60%
GLW,Corning Inc,32.66,28.9,12.20%,8.00%,41.69%,19.28%
GM,General Motors Company,30.02,-14.5,-17.98%,14.01%,12.52%,-17.62%
GOOG,Alphabet Cl C,1644.41,42.4,22.99%,9.60%,16.07%,40.43%
GOOGL,Alphabet Cl A,1639.43,41.7,22.40%,9.03%,15.60%,39.67%
GPC,Genuine Parts Company,94.88,21,-10.68%,6.37%,12.54%,7.09%
GPN,Global Payments Inc,177.27,22.1,-2.90%,3.14%,-0.38%,8.47%
GPS,Gap Inc,17.54,6.1,-0.79%,34.30%,82.90%,10.59%
GRMN,Garmin Ltd,103.76,29.2,6.36%,4.43%,14.13%,29.14%
GS,Goldman Sachs Group,207.71,0.1,-9.66%,3.02%,3.23%,3.64%
GWW,W.W. Grainger,365.98,38.3,8.11%,9.69%,18.36%,36.37%
HAL,Halliburton Company,16.27,50.7,-33.51%,11.06%,34.35%,-9.61%
HAS,Hasbro Inc,80.94,-29.2,-23.36%,11.78%,10.18%,-25.24%
HBAN,Huntington Bcshs,9.57,-37.5,-36.54%,4.82%,5.11%,-25.64%
HBI,Hanesbrands Inc,15.72,unch,5.86%,10.63%,53.97%,15.93%
HCA,Hca Holdings Inc,135.99,13.4,-8.00%,9.70%,23.89%,14.23%
HD,Home Depot,286.29,39.9,31.10%,7.92%,16.79%,28.99%
HES,Hess Corp,46.94,-15.9,-29.74%,-2.41%,-3.10%,-23.59%
HFC,Hollyfrontier Corp,25.81,-43.5,-49.10%,-1.30%,-17.99%,-40.45%
HIG,Hartford Financial Services Group,41.51,-29.5,-31.69%,2.62%,5.81%,-28.93%
HII,Huntington Ingalls Industries,152.46,-34.4,-39.23%,-12.88%,-24.03%,-25.20%
HLT,Hilton Inc,91.73,2.8,-17.29%,19.64%,13.78%,-0.20%
HOLX,Hologic Inc,60.37,27.3,15.63%,-2.79%,15.39%,24.60%
HON,Honeywell International Inc,168.38,12.9,-4.87%,10.77%,14.11%,5.53%
HPE,Hewlett Packard Enterprise Comp,9.83,-30.7,-38.02%,3.69%,2.50%,-26.48%
HPQ,HP Inc,19.85,11.8,-3.41%,18.86%,32.25%,11.58%
HRB,H&R Block,14.89,-37.2,-36.58%,0.68%,-13.78%,-44.61%
HRL,Hormel Foods Corp,50.62,19.5,12.21%,0.12%,5.72%,19.67%
HSIC,Henry Schein Inc,66.44,10.9,-0.42%,0.82%,8.12%,9.82%
HST,Host Marriott Financial Trust,11.69,-34.6,-36.98%,11.12%,-2.83%,-25.92%
HSY,Hershey Foods Corp,149.2,-1,1.51%,2.38%,9.72%,-7.03%
HUM,Humana Inc,408.04,44.4,11.33%,5.53%,1.05%,47.80%
HWM,Howmet Aerospace Inc.,18.01,-17.9,-41.47%,17.56%,35.62%,-29.18%
IBM,International Business Machines,125.07,-7,-6.69%,0.48%,0.43%,-5.79%
ICE,Intercontinental Exchange,105.56,18.7,14.06%,13.60%,11.27%,13.18%
IDXX,Idexx Laboratories,383.98,55.5,47.05%,6.17%,25.43%,34.47%
IEX,Idex Corp,180.89,16.2,5.17%,9.38%,14.87%,11.09%
IFF,International Flavors & Fragrances,124.47,0.4,-3.53%,-3.02%,-7.32%,14.87%
ILMN,Illumina Inc,354,25.6,6.71%,-8.15%,-5.10%,25.70%
INCY,Incyte Corp,93.9,14.9,7.54%,-6.67%,-6.61%,15.43%
INFO,IHS Markit Ltd,80.63,21.4,7.01%,0.90%,16.67%,24.45%
INTC,Intel Corp,50.43,-4.4,-15.74%,2.42%,-18.27%,10.13%
INTU,Intuit Inc,346.11,37.1,32.14%,16.61%,21.93%,22.76%
IP,International Paper Company,36.93,-6,-19.80%,2.10%,5.24%,-1.23%
IPG,Interpublic Group of Companies,18.54,0.3,-19.74%,0.71%,6.31%,-6.88%
IPGP,Ipg Photonics Corp,159.65,20.4,10.16%,-11.57%,4.92%,35.41%
IQV,Iqvia Holdings Inc,161.22,10.1,4.34%,1.62%,10.27%,5.06%
IR,Ingersoll Rand Inc.,35.76,28.8,-2.51%,14.07%,24.38%,27.67%
IRM,Iron Mountain Inc,30.34,-0.7,-4.80%,8.86%,18.05%,-3.90%
ISRG,Intuitive Surg Inc,727.01,45.2,22.98%,6.96%,27.01%,45.04%
IT,Gartner Inc,131.48,-3.9,-14.68%,6.16%,7.99%,0.58%
ITW,Illinois Tool Works Inc,200.66,37,11.71%,8.39%,16.05%,38.10%
IVZ,Invesco Plc,10.73,-39.9,-40.32%,3.47%,31.98%,-30.46%
J,Jacobs Engineering Group Inc,89.46,7.8,-0.41%,6.87%,6.13%,4.63%
JBHT,J B Hunt Transport,141.75,40.6,21.38%,10.76%,19.24%,36.34%
JCI,Johnson Controls Intl,41.3,11.7,1.45%,12.90%,30.99%,-2.91%
JKHY,Jack Henry & Assoc,167.48,11.6,14.97%,-5.13%,-5.84%,17.46%
JNJ,Johnson & Johnson,153.64,19.5,5.33%,4.64%,4.54%,19.40%
JNPR,Juniper Networks,24.06,4.3,-2.31%,-0.82%,1.43%,5.62%
JPM,JP Morgan Chase & Company,102.77,-10.7,-26.28%,5.60%,2.91%,-3.77%
K,Kellogg Company,70.54,14.2,2.00%,-0.52%,7.83%,12.85%
KEY,Keycorp,12.77,-27.4,-36.91%,6.51%,5.62%,-20.93%
KEYS,Keysight Technologies Inc Comm,97.33,-1,-5.16%,1.72%,-6.09%,1.29%
KHC,Kraft Heinz Company,34.88,37.6,8.56%,-1.05%,14.77%,38.58%
KIM,Kimco Realty Corp,12.07,-50.3,-41.72%,8.54%,3.07%,-33.94%
KLAC,K L A-Tencor Corp,208.61,41.9,17.08%,8.39%,19.47%,45.31%
KMB,Kimberly-Clark Corp,156.5,16,13.78%,3.79%,11.15%,10.25%
KMI,Kinder Morgan,14.18,-28.4,-33.02%,0.42%,-9.80%,-30.01%
KMX,Carmax Inc,107.25,35.3,22.33%,10.37%,20.94%,31.97%
KO,Coca-Cola Company,49.83,-5.9,-9.97%,3.42%,5.82%,-9.58%
KR,Kroger Company,35.3,46.7,21.77%,0.20%,10.11%,50.15%
KSS,Kohl's Corp,21.65,-54.1,-57.51%,6.76%,7.60%,-53.19%
KSU,Kansas City Southern,184.25,49.6,20.30%,18.98%,21.08%,49.86%
L,Loews Corp,36.92,-23.7,-29.66%,1.48%,9.30%,-22.60%
LB,L Brands Inc,29.67,118.8,63.74%,55.18%,82.25%,77.98%
LDOS,Leidos Holdings Inc,91.31,-6.9,-6.72%,1.25%,-12.50%,6.52%
LEG,Leggett & Platt Inc,41.49,10,-18.37%,9.76%,29.09%,13.24%
LEN,Lennar Corp,75.93,64,36.10%,7.89%,26.15%,50.62%
LH,Laboratory Corp of America Holdings,177.41,11.4,4.87%,-9.73%,1.00%,8.03%
LHX,L3Harris Technologies Inc,179.89,-15,-9.09%,4.95%,-8.56%,-15.19%
LIN,Linde Plc,253.57,41.7,19.10%,4.05%,26.76%,37.09%
LKQ,LKQ Corp,32.62,28.9,-8.63%,19.01%,17.72%,27.17%
LLY,Eli Lilly and Company,147.34,24.7,12.11%,-9.41%,-2.20%,32.77%
LMT,Lockheed Martin Corp,395.59,4.1,1.59%,2.31%,-0.72%,3.84%
LNC,Lincoln National Corp,37.39,-38.8,-36.64%,3.03%,-4.88%,-27.65%
LNT,Alliant Energy Corp,54.32,5.5,-0.73%,1.31%,11.17%,3.70%
LOW,Lowe's Companies,165.51,74.7,38.20%,12.05%,29.18%,53.00%
LRCX,Lam Research Corp,350.78,69.6,19.97%,0.53%,31.47%,72.56%
LUV,Southwest Airlines Company,38.81,-21.1,-28.10%,20.19%,19.23%,-24.14%
LVS,Las Vegas Sands,52.16,-11.3,-24.45%,17.96%,7.44%,-4.29%
LW,Lamb Weston Holdings Inc,64.19,-2.6,-25.39%,2.84%,7.67%,-6.66%
LYB,Lyondellbasell Industries NV,68.15,1.5,-27.87%,0.84%,5.82%,-5.37%
LYV,Live Nation Entertainment,58.71,-9.1,-17.85%,24.15%,19.79%,-15.16%
MA,Mastercard Inc,366.12,43.1,22.62%,19.52%,21.11%,31.58%
MAA,Mid-America Apartment Communities,117.16,-0.1,-11.15%,3.69%,-0.42%,-7.34%
MAR,Marriot Int Cl A,106.26,-18.4,-29.83%,22.77%,15.95%,-15.22%
MAS,Masco Corp,58.54,58,21.98%,7.45%,25.01%,46.28%
MCD,McDonald's Corp,214.91,6.2,8.75%,9.51%,13.87%,-1.45%
MCHP,Microchip Technology,110.52,28.8,5.54%,9.95%,15.81%,30.21%
MCK,Mckesson Corp,153.87,11.9,11.24%,-0.01%,-1.91%,11.42%
MCO,Moody's Corp,294.39,33.6,24.00%,4.15%,11.18%,37.33%
MDLZ,Mondelez Intl Inc,58.31,10.4,5.86%,4.67%,13.42%,6.25%
MDT,Medtronic Inc,107.86,3.3,-4.93%,11.95%,9.90%,-0.13%
MET,Metlife Inc,39.42,-16.8,-22.66%,4.87%,8.12%,-9.81%
MGM,MGM Resorts International,23.86,1.2,-28.28%,54.83%,38.48%,-15.21%
MHK,Mohawk Industries,96.33,-6.1,-29.37%,13.14%,3.40%,-14.89%
MKC,Mccormick & Company Inc,204.59,34.4,20.54%,6.01%,18.60%,24.86%
MKTX,Marketaxess Holdings,484.37,29.5,27.77%,-4.95%,0.18%,19.76%
MLM,Martin Marietta Materials,207.32,-18.2,-25.86%,-2.39%,5.00%,-17.79%
MMC,Marsh & Mclennan Companies,114,14.5,2.32%,-0.18%,6.95%,16.64%
MMM,3M Company,165.66,4.7,-6.10%,6.65%,5.64%,5.15%
MNST,Monster Beverage Cp,84.54,53.3,33.03%,10.96%,19.29%,45.56%
MO,Altria Group,43.93,2.5,-11.98%,3.32%,13.19%,-4.19%
MOS,Mosaic Company,18.91,2,-12.62%,40.07%,55.00%,5.88%
MPC,Marathon Petroleum Corp,37.09,-9,-38.44%,-2.70%,5.43%,-19.94%
MRK,Merck & Company,85.65,2.4,-5.83%,7.48%,8.36%,-0.96%
MRO,Marathon Oil Corp,5.39,-52.4,-60.31%,-2.53%,-5.44%,-54.86%
MS,Morgan Stanley,52.89,30,3.46%,5.23%,19.12%,30.98%
MSCI,MSCI Inc,373.68,61.3,44.74%,-0.68%,15.81%,61.26%
MSFT,Microsoft Corp,228.91,72.8,45.16%,13.31%,26.19%,68.86%
MSI,Motorola Solutions,153.58,-11.6,-4.69%,12.27%,13.03%,-13.84%
MTB,M&T Bank Corp,106.4,-32.7,-37.32%,3.46%,-2.45%,-26.79%
MTD,Mettler-Toledo International,966.61,52.8,21.85%,9.59%,21.99%,49.54%
MU,Micron Technology,45.69,-4.2,-15.04%,-8.78%,-1.68%,5.89%
MXIM,Maxim Integrated,70.22,34.5,14.16%,1.86%,24.24%,33.09%
MYL,Mylan NV Ord Shs,16.23,-16.5,-19.25%,0.43%,-5.91%,-15.25%
NBL,Noble Energy Inc,10.18,-16.4,-59.02%,-3.96%,7.05%,-54.16%
NCLH,Norwegian Cruise Ord,17.69,-56.3,-69.71%,24.40%,10.08%,-64.31%
NDAQ,Nasdaq Inc,131.84,36.6,23.10%,2.88%,13.29%,33.81%
NEE,Nextera Energy,279.55,27.8,15.44%,-0.17%,11.21%,26.38%
NEM,Newmont Mining Corp,66.71,80.4,53.53%,-2.74%,13.61%,63.22%
NFLX,Netflix Inc,523.89,85.4,61.91%,7.24%,26.71%,79.56%
NI,NiSource Inc,22.35,-25.6,-19.72%,-9.40%,-6.95%,-23.20%
NKE,Nike Inc,112.29,33.5,10.84%,16.64%,14.05%,34.51%
NLOK,Nortonlifelock Inc.,24.05,24.2,-5.76%,16.92%,14.85%,4.79%
NLSN,Nielsen Holdings Plc,15.59,-22.7,-23.20%,6.42%,6.71%,-24.03%
NOC,Northrop Grumman Corp,344.75,-3.2,0.23%,10.19%,0.59%,-5.26%
NOV,National-Oilwell,12.32,-28,-50.82%,6.57%,-4.72%,-35.73%
NOW,Servicenow Inc,487.87,101.7,72.81%,12.14%,29.07%,87.41%
NRG,NRG Energy,34.29,-11,-13.74%,1.63%,-5.90%,-3.00%
NSC,Norfolk Southern Corp,215.03,29.7,10.77%,16.17%,19.29%,24.69%
NTAP,Netapp Inc,45.74,-7.4,-26.52%,6.50%,3.60%,-2.31%
NTRS,Northern Trust Corp,83.91,-6.2,-21.02%,8.83%,4.99%,-1.42%
NUE,Nucor Corp,45.99,-3.2,-18.28%,7.78%,8.08%,-2.77%
NVDA,Nvidia Corp,525.91,227.9,123.51%,28.70%,54.92%,226.21%
NVR,NVR Inc,4207.18,25.7,10.47%,11.07%,30.64%,16.59%
NWL,Newell Rubbermaid Inc,16.22,-6.8,-15.61%,-6.03%,19.44%,-0.25%
NWS,News Cp Cl B,15.24,19.6,5.03%,19.72%,26.79%,7.86%
NWSA,News Cp Cl A,15.26,23.5,7.89%,20.02%,28.46%,11.19%
O,Realty Income Corp,63.44,2.9,-13.84%,6.00%,13.90%,-13.56%
ODFL,Old Dominion Freight Line Inc.,200.32,90.9,58.33%,9.82%,20.83%,87.27%
OKE,Oneok Inc,28.08,-32.8,-62.89%,0.07%,-24.68%,-59.61%
OMC,Omnicom Group Inc,55.11,-26.7,-31.98%,0.82%,-0.11%,-27.10%
ORCL,Oracle Corp,57.88,13.2,9.25%,4.57%,7.94%,11.41%
ORLY,O'Reilly Automotive,462.95,33.5,5.63%,2.87%,12.06%,20.65%
OTIS,Otis Worldwide Corp [Otis/I],63.59,N/A,40.53%,5.49%,24.78%,40.53%
OXY,Occidental Petroleum Corp,13.13,-64.6,-68.14%,-19.69%,-3.74%,-69.54%
OXY.W,Occidental Petroleum Corp Wts [Oxy/W/I],2.94,N/A,-58.00%,-58.00%,-58.00%,-58.00%
PAYC,Paycom Software Inc,299.84,11.1,13.25%,4.55%,4.40%,18.41%
PAYX,Paychex Inc,77.31,6.9,-9.11%,5.70%,7.26%,-4.59%
PBCT,People's United Finl,10.69,-36.1,-36.75%,-4.47%,-8.08%,-24.29%
PCAR,Paccar Inc,86.49,34.4,9.34%,1.22%,16.87%,35.37%
PEAK,Healthpeak Properties Inc.,28.46,-21.3,-17.44%,4.13%,11.22%,-17.82%
PEG,Public Service Enterprise Group Inc,52.16,-12.5,-11.67%,-0.48%,2.21%,-12.35%
PEP,Pepsico Inc,139.94,4.4,2.39%,1.86%,5.78%,3.51%
PFE,Pfizer Inc,37.91,7.1,-3.24%,-2.84%,-0.71%,8.07%
PFG,Principal Financial Group Inc,44.33,-13.4,-19.40%,2.07%,8.65%,-15.58%
PG,Procter & Gamble Company,138.77,21,11.10%,8.52%,19.57%,14.31%
PGR,Progressive Corp,93.68,30.8,29.41%,7.16%,22.31%,25.14%
PH,Parker-Hannifin Corp,210.47,37.9,2.26%,16.69%,17.70%,32.14%
PHM,Pultegroup,45.32,64.4,16.80%,4.21%,31.71%,35.61%
PKG,Packaging Corp of America,102.27,2.3,-8.68%,0.28%,0.56%,3.83%
PKI,Perkinelmer,116.91,47.7,20.40%,3.47%,17.73%,42.83%
PLD,Prologis Inc,102.49,14.3,14.98%,-0.05%,10.15%,23.72%
PM,Philip Morris International Inc,80.74,15.7,-5.11%,3.55%,9.84%,8.64%
PNC,PNC Bank,112.35,-17.5,-29.62%,7.17%,-2.98%,-11.23%
PNR,Pentair Ltd,45.84,51,-0.07%,8.50%,16.58%,30.23%
PNW,Pinnacle West Capital Corp,73.48,-24.3,-18.29%,-9.54%,-4.39%,-22.45%
PPG,PPG Industries,122.12,13.5,-8.52%,12.47%,18.98%,12.01%
PPL,PPL Corp,27.72,-7.3,-22.74%,6.94%,1.02%,-4.97%
PRGO,Perrigo Company,52.82,8.6,2.25%,-5.85%,-4.02%,13.01%
PRU,Prudential Financial Inc,69.64,-16.3,-25.71%,8.68%,12.59%,-11.16%
PSA,Public Storage,213.44,-12.3,0.23%,10.09%,6.09%,-18.52%
PSX,Phillips 66,61.79,-38.6,-44.54%,-2.82%,-21.35%,-35.75%
PVH,Phillips-Van Heusen Corp,57.24,-32.5,-45.56%,12.88%,15.50%,-20.02%
PWR,Quanta Services,51.39,66.5,26.23%,28.57%,40.37%,55.87%
PXD,Pioneer Natural Resources Company,105.6,3.7,-30.24%,9.37%,14.11%,-12.58%
PYPL,Paypal Holdings,204.48,114.3,89.04%,16.00%,37.43%,90.27%
QCOM,Qualcomm Inc,118.2,67,33.97%,29.25%,51.33%,58.98%
QRVO,Qorvo Inc,129.3,75.2,11.24%,14.03%,28.31%,85.86%
RCL,Royal Caribbean Cruises Ltd,70.12,-18.2,-47.48%,37.95%,35.63%,-32.04%
RE,Everest Re Group,221.67,-9,-19.93%,2.47%,8.39%,-7.45%
REG,Regency Centers Corp,40.44,-32.8,-35.90%,-3.14%,-9.51%,-36.13%
REGN,Regeneron Pharmaceuticals,602.61,99,60.49%,-4.50%,4.22%,109.50%
RF,Regions Financial Corp,11.71,-27.3,-31.76%,11.10%,1.83%,-16.95%
RHI,Robert Half International Inc,53.99,10.2,-14.51%,5.57%,4.98%,1.58%
RJF,Raymond James Financial,76.72,-2.9,-14.24%,9.57%,8.53%,0.63%
RL,Ralph Lauren Corp,71.19,-31.3,-39.27%,-0.29%,-10.99%,-18.86%
RMD,Resmed Inc,180.23,29.9,16.30%,-10.88%,13.48%,31.53%
ROK,Rockwell Automation Inc,233.27,60.1,15.10%,4.94%,7.80%,57.73%
ROL,Rollins Inc,55.02,78.6,65.92%,12.63%,37.28%,71.99%
ROP,Roper Industries,430.18,24.6,21.44%,1.68%,12.69%,20.89%
ROST,Ross Stores Inc,93.83,-5,-19.40%,9.26%,-4.52%,-10.26%
RSG,Republic Services,92.92,8.2,3.67%,8.88%,9.46%,4.50%
RTX,Raytheon Technologies Corp.,62.24,-26.4,-29.56%,2.03%,-7.48%,-16.85%
SBAC,SBA Communications,306.19,20.2,27.06%,-1.94%,-1.45%,16.36%
SBUX,Starbucks Corp,85,-4.5,-3.32%,13.88%,8.23%,-12.43%
SCHW,The Charles Schwab Corp,36.28,-8.6,-23.72%,7.78%,0.75%,-1.23%
SEE,Sealed Air Corp,40.88,7.5,2.64%,11.27%,27.11%,2.58%
SHW,Sherwin-Williams Company,675.91,34.3,15.83%,6.69%,14.56%,29.31%
SIVB,Svb Financial Group,255.01,21.8,1.58%,15.14%,18.28%,36.22%
SJM,J.M. Smucker Company,119.65,16.9,14.90%,9.50%,7.35%,14.64%
SLB,Schlumberger N.V.,19.42,-29,-51.69%,1.41%,3.35%,-38.58%
SLG,SL Green Realty Corp,48.91,-46.3,-46.77%,1.43%,11.39%,-37.38%
SNA,Snap-On Inc,150.34,-2,-11.25%,5.13%,12.40%,2.78%
SNPS,Synopsys Inc,219.49,70.1,57.68%,12.62%,26.11%,60.50%
SO,Southern Company,52.42,-14.5,-17.71%,-5.17%,-7.89%,-9.32%
SPG,Simon Property Group,69.84,-54.7,-53.11%,8.89%,16.89%,-52.34%
SPGI,S&P Global Inc,366.83,48.4,34.35%,5.53%,15.07%,41.79%
SRE,Sempra Energy,122.32,-15.1,-19.25%,-1.87%,-3.98%,-13.86%
STE,Steris Corp,157.64,4.4,3.42%,0.34%,-3.18%,3.06%
STT,State Street Corp,70.11,31.1,-11.37%,11.13%,12.25%,40.75%
STX,Seagate Tech Ord Shs,46.6,-11.9,-21.68%,-4.06%,-9.27%,-1.17%
STZ,Constellation Brands Inc,185.37,-2.5,-2.31%,3.26%,5.66%,-8.16%
SWK,Stanley Black & Decker Inc,165.52,34.9,-0.13%,8.39%,30.86%,27.02%
SWKS,Skyworks Solutions,143.62,88.1,18.81%,6.65%,24.38%,95.75%
SYF,Synchrony Financial,25.78,1.8,-28.41%,11.70%,21.37%,-19.36%
SYK,Stryker Corp,198.21,-9.1,-5.59%,2.02%,1.46%,-9.70%
SYY,Sysco Corp,61.89,-14.8,-27.65%,15.68%,10.62%,-16.83%
T,AT&T Inc,30.04,-16.9,-23.13%,1.18%,-3.28%,-14.07%
TAP,Molson Coors Brewing Company,37.89,-28.1,-29.70%,4.32%,-1.20%,-25.92%
TDG,Transdigm Group Inc,506.77,10.8,-9.51%,18.70%,17.54%,-2.77%
TDY,Teledyne Technologies Inc,316.44,-2.3,-8.69%,4.16%,-14.46%,2.56%
TEL,Te Connectivity Ltd,97.94,15.7,2.19%,12.69%,18.31%,9.82%
TFC,Truist Financial Corp.,39.59,-26.3,-29.71%,7.38%,3.77%,-15.06%
TFX,Teleflex Inc,385.02,15.6,2.28%,0.09%,7.46%,7.06%
TGT,Target Corp,150.85,51.2,17.66%,22.35%,27.37%,41.78%
TIF,Tiffany & Company,123.88,24.5,-7.31%,-0.86%,-3.08%,45.45%
TJX,TJX Companies,55.09,5.8,-9.78%,6.39%,1.87%,0.88%
TMO,Thermo Fisher Scientific Inc,424.48,54.8,30.66%,4.20%,23.85%,53.76%
TMUS,T-Mobile US,116.26,56.1,48.25%,11.23%,17.17%,50.87%
TPR,Tapestry Inc,14.88,-38.9,-44.83%,10.14%,6.36%,-27.38%
TROW,T Rowe Price Group,139.11,29.1,14.17%,3.87%,15.29%,29.08%
TRV,The Travelers Companies Inc,115.89,-17.7,-15.38%,0.75%,7.71%,-20.82%
TSCO,Tractor Supply Company,146.91,61.1,57.22%,2.68%,23.47%,43.71%
TSN,Tyson Foods,63.91,-27.3,-29.80%,5.22%,1.99%,-29.44%
TT,Trane Technologies Plc,120.3,16.2,-9.49%,16.00%,33.22%,2.38%
TTWO,Take-Two Interacti,171.06,43.8,39.72%,9.37%,27.59%,30.36%
TWTR,Twitter Inc,41.07,15.5,28.14%,12.18%,29.97%,-1.46%
TXN,Texas Instruments,143.49,23.6,11.85%,10.27%,23.84%,16.91%
TXT,Textron Inc,39.97,-5.3,-10.38%,16.87%,28.85%,-7.90%
TYL,Tyler Technologies,337.63,26.6,12.54%,-2.77%,-8.86%,32.66%
UA,Under Armour Inc Cl C,9.14,-45.8,-52.35%,-8.87%,12.56%,-44.61%
UAA,Under Armour,10.15,-46.7,-53.01%,-10.18%,12.15%,-44.23%
UAL,United Airlines Holdings Inc,37.34,-58.3,-57.61%,11.60%,29.25%,-54.71%
UDR,United Dominion Realty Trust,35.09,-27.1,-24.86%,-2.20%,-8.74%,-26.51%
UHS,Universal Health Services,112.62,-11.2,-21.50%,3.25%,5.01%,-21.02%
ULTA,Ulta Beauty Inc,237.02,5.4,-6.37%,19.97%,-2.59%,-28.26%
UNH,Unitedhealth Group Inc,314.37,40.4,6.94%,4.81%,3.42%,38.28%
UNM,Unumprovident Corp,19.01,-24.2,-34.81%,6.62%,19.41%,-24.14%
UNP,Union Pacific Corp,195.13,25.6,7.93%,11.88%,14.44%,23.19%
UPS,United Parcel Service,162.36,58,38.70%,35.73%,62.82%,39.57%
URI,United Rentals,182.53,66.1,9.45%,15.28%,32.63%,71.68%
USB,U.S. Bancorp,37.2,-31.4,-37.26%,2.42%,1.89%,-27.88%
V,Visa Inc,215.71,25,14.80%,9.64%,11.04%,20.73%
VAR,Varian Medical Systems,172.75,67.8,21.65%,31.06%,39.26%,62.86%
VFC,V.F. Corp,67.94,-17.1,-31.83%,11.73%,15.56%,-16.34%
VIAC,Viacomcbs Inc. Cl B,27.99,-19.3,-33.31%,14.15%,32.03%,-32.94%
VLO,Valero Energy Corp,54.89,-31,-41.39%,-3.52%,-18.23%,-24.56%
VMC,Vulcan Materials Company,122.89,-7.8,-14.65%,1.98%,11.34%,-12.11%
VNO,Vornado Realty Trust,37.16,-41.7,-44.12%,2.62%,-1.95%,-37.53%
VRSK,Verisk Analytics Inc,187.35,23.5,25.45%,2.70%,11.29%,17.25%
VRSN,Verisign Inc,208.14,4.3,8.02%,0.83%,-2.18%,2.14%
VRTX,Vertex Pharmaceutic,269.96,43,23.30%,-3.07%,-2.68%,51.37%
VTR,Ventas Inc,42.72,-31.9,-26.01%,14.32%,16.21%,-41.33%
VZ,Verizon Communications Inc,59.26,3.1,-3.49%,3.10%,6.35%,2.26%
WAB,Wabtec Corp,67.09,2.6,-13.77%,4.44%,9.12%,1.30%
WAT,Waters Corp,217.43,4.3,-6.94%,-2.71%,9.84%,5.37%
WBA,Walgreens Boots Alliance,38.76,-28.5,-34.26%,-4.72%,-7.34%,-22.40%
WDC,Western Digital Cp,37.84,-38,-40.38%,-11.69%,-13.25%,-29.19%
WEC,Wisconsin Energy Corp,93.62,6.6,1.51%,-1.02%,5.23%,-1.57%
WELL,Welltower Inc,59.45,-32.7,-27.30%,11.87%,15.80%,-33.12%
WFC,Wells Fargo & Company,24.69,-52.8,-54.11%,-3.29%,-9.29%,-45.70%
WHR,Whirlpool Corp,178.88,68.9,21.25%,9.99%,47.02%,30.27%
WLTW,Willis Towers WT,205.66,1.8,1.84%,-2.04%,0.00%,6.94%
WM,Waste Management,114.01,-0.2,0.04%,6.04%,7.05%,-3.59%
WMB,Williams Companies,21.07,2.1,-11.17%,11.66%,5.56%,-9.69%
WMT,Wal-Mart Stores,140.3,27.2,18.06%,6.48%,13.43%,24.47%
WRB,W.R. Berkley Corp,63,-8.7,-8.83%,1.29%,8.38%,-11.53%
WRK,Westrock Company,31.06,-14.5,-27.62%,5.40%,7.59%,-7.23%
WST,West Pharmaceutical Services,271.59,103.5,80.66%,2.76%,31.82%,85.78%
WU,Western Union Company,23.96,5.4,-10.53%,6.68%,17.57%,9.06%
WY,Weyerhaeuser Company,30.89,33.3,2.28%,13.36%,44.08%,20.43%
WYNN,Wynn Resorts Ltd,91.55,-19.4,-34.08%,24.78%,10.04%,-13.07%
XEL,XCEL Energy Inc,68.65,15.5,8.13%,0.41%,7.25%,7.30%
XLNX,Xilinx Inc,104.91,9.6,7.30%,0.10%,17.68%,4.05%
XOM,Exxon Mobil Corp,40.69,-41.5,-41.69%,-6.57%,-9.66%,-39.88%
XRAY,Dentsply Sirona Inc,45.32,-12.8,-19.92%,4.18%,-3.55%,-12.37%
XRX,Xerox Corp,19.53,-19.3,-47.03%,28.40%,16.18%,-29.80%
XYL,Xylem Inc,81.98,12.4,4.05%,10.28%,20.28%,9.32%
YUM,Yum! Brands,97.45,-7.2,-3.26%,5.07%,7.26%,-16.68%
ZBH,Zimmer Biomet Holdings,141.67,8,-5.35%,5.60%,10.69%,3.30%
ZBRA,Zebra Technologies,280.16,39,9.68%,3.31%,8.83%,38.11%
ZION,Zions Bancorp,33.02,-25.8,-36.40%,2.36%,-2.94%,-17.49%
ZTS,Zoetis Inc Cl A,160,33.8,20.89%,9.60%,15.85%,27.22%
Downloaded from Barchart.com as of 08-30-2020 08:34am CDT,,,,,,,